时间 t (s),浮子位移 x1 (m),振子位移 x2 (m),浮子速度 v1 (m/s),振子速度 v2 (m/s),浮子角位移 θ1,振子角位移 θ2,浮子角速度 w1,振子角速度 w2
0,0,0,0,0,0,0,0,0
0.2,0.010562583247303513,0.0033417124347447044,0.0959947630671314,0.048289808258670186,0.0020796487749871117,0.0009698135988325868,0.019808474569654747,0.016649376465366416
0.4,0.034782200907205976,0.02230901095424495,0.13869050719337284,0.14025373971736202,0.007632544118907382,0.007497373068397352,0.03559605641000786,0.04243623112918239
0.6000000000000001,0.06355329421302727,0.056338332073885874,0.14342724069874266,0.1881597110434393,0.0161498078743405,0.015809320250082068,0.04826040046986013,0.04246403854946298
0.8,0.08981354764591325,0.09255828452190382,0.11282347910071581,0.16240465679344285,0.026266101418833298,0.026067873827966978,0.051635515590966206,0.05900530494925872
1,0.10602212362600173,0.11743272713306778,0.04272512854443027,0.0787205246503393,0.03647551956734734,0.03704640897890542,0.04943241002437086,0.04671012084421375
1.2000000000000002,0.10463508693503437,0.12172373465828863,-0.060935567,-0.039972111,0.04539703006943314,0.045449694320313275,0.03810360755287295,0.040390605971366095
1.4000000000000001,0.08064622011610567,0.10042040867163304,-0.179432092,-0.173905423,0.05131354158960113,0.052362669391389345,0.02057772274168381,0.02314140827970568
1.6,0.033517108846236765,0.05261198248366858,-0.288146571,-0.300930676,0.053352903566639846,0.053924707344214756,-0.001191894,-0.004549208
1.8,-0.032363516,-0.017770916,-0.36329267,-0.395311789,0.05056199092333395,0.051433415467050984,-0.026703391,-0.022317278
2,-0.108282135,-0.101740836,-0.38592816,-0.433412825,0.04283279880229626,0.04371882634957159,-0.050268196,-0.054822102
2.2,-0.182460426,-0.186349401,-0.344787509,-0.400128154,0.03053920136827596,0.03090381122221822,-0.072132674,-0.070541655
2.4000000000000004,-0.241837525,-0.256802756,-0.238633672,-0.292440036,0.014438010747620597,0.015087785836716924,-0.087453283,-0.089533528
2.6,-0.274219239,-0.298996822,-0.077415582,-0.120222651,-0.003967667,-0.004096153,-0.095552681,-0.097583402
2.8000000000000003,-0.270473653,-0.302013771,0.11849055406548925,0.09485822941453231,-0.023221551,-0.023175316,-0.095218199,-0.094644671
3,-0.226376117,-0.260230821,0.3209775427325548,0.3221198364594548,-0.041413884,-0.041917686,-0.085486534,-0.089221555
3.2,-0.143759786,-0.174711721,0.4983514054331972,0.526218052102987,-0.05696118,-0.057542268,-0.06868662,-0.066894024
3.4000000000000004,-0.03074829,-0.053607135,0.620246337646552,0.6725798599970861,-0.068395494,-0.069115514,-0.044822172,-0.047984585
3.6,0.09901040547535588,0.08856787969017121,0.6625717347969368,0.7330395248131273,-0.074720423,-0.075707703,-0.018140103,-0.016608394
3.8000000000000003,0.22803941498676544,0.23272446490821005,0.6117334586588147,0.6907328498275225,-0.075540172,-0.076267465,0.009994733106427059,0.009327028704861686
4,0.3374412124943554,0.3578261938874955,0.4674380224462336,0.543442633433499,-0.070890263,-0.0718485,0.0357331957014863,0.03608578414263956
4.2,0.4096808664860124,0.4439798168728073,0.24357527815840935,0.3048268155760285,-0.061568374,-0.062088058,0.05668007432061522,0.05899382826453047
4.4,0.43133258146569287,0.47553475642268217,-0.033041145,0.0032613670355578876,-0.048631598,-0.049043356,0.07133856411475567,0.07103666589552375
4.6000000000000005,0.3953661417812749,0.44371637575051937,-0.325970613,-0.321621787,-0.033620257,-0.03375163,0.07738786312804767,0.08045299454740826
4.800000000000001,0.3026028938534621,0.3483696422423632,-0.594059283,-0.62426831,-0.018184064,-0.017869226,0.07569068787971761,0.07620968668783033
5,0.16208202669707816,0.1985081665780075,-0.797293568,-0.859672133,-0.00389326,-0.003546938,0.06588415391398411,0.06694364365001797
5.2,-0.009768509,0.011531875526124336,-0.902752599,-0.990053881,0.007745677531750499,0.008461160733005499,0.04972959376472096,0.05107322224770974
5.4,-0.191087566,-0.18882902,-0.889777119,-0.990757619,0.015736145466697188,0.016391755903669297,0.02958680035425728,0.028532422656996674
5.6000000000000005,-0.357424222,-0.375594642,-0.753560584,-0.854463966,0.01943498320992117,0.02010436710202989,0.007388854176641176,0.008268290825784999
5.800000000000001,-0.485090558,-0.522231099,-0.506577117,-0.593039209,0.018804494127787584,0.019408271883088277,-0.013257599,-0.014984383
6,-0.554557137,-0.606447175,-0.177561251,-0.236668754,0.01435311999520744,0.014706621577669159,-0.03047772,-0.030617317
6.2,-0.553402015,-0.613545746,0.19189568568942592,0.16968936249625344,0.007035210025108714,0.007311594255012898,-0.041493566,-0.042977503
6.4,-0.478372452,-0.538830478,0.5527190000365387,0.5721034937359322,-0.001765192,-0.001829047,-0.045291872,-0.046231302
6.6000000000000005,-0.336232129,-0.388688937,0.8549835148938054,0.9149540259630925,-0.010551583,-0.010709444,-0.041202244,-0.042135216
6.800000000000001,-0.143230736,-0.180152043,1.0548947982171006,1.148705075987952,-0.0177542,-0.018223468,-0.029772611,-0.031121325
7,0.07677532869503828,0.06105807653972814,1.121133874922735,1.237066296608613,-0.022081029,-0.022645805,-0.012636877,-0.012812962
7.2,0.2953297138673899,0.30376400073770254,1.0396466863522988,1.1625093456814826,-0.022548906,-0.023266025,0.008325692382029355,0.007292186762915318
7.4,0.483122976820216,0.5154364125728109,0.816158712196143,0.9293133563828622,-0.018704016,-0.019465994,0.03005379600996455,0.030694375467582306
7.6000000000000005,0.6139774473904348,0.6666151602041362,0.47600084764366823,0.5636461932294742,-0.01062722,-0.011260286,0.05023197638427113,0.050567762834774606
7.800000000000001,0.6685215315083782,0.7350394314493078,0.06120330321239562,0.11059666803094427,0.0010916721704755555,0.0005578712870365942,0.06600457966682864,0.06709843619355288
8,0.6370349114704489,0.708904712820587,-0.374802301,-0.371499066,0.015349511816196378,0.015150411558986722,0.07542362984161917,0.07723365878647352
8.200000000000001,0.521049442225384,0.5887724273853788,-0.774189336,-0.818706442,0.03075602932873427,0.030833302927111388,0.07726412404553454,0.07837488416605383
8.4,0.33345436663394734,0.3878357229174708,-1.082516347,-1.170095089,0.04568927421996364,0.04605202797959772,0.0706908882792292,0.07245267708506961
8.6,0.09705627558536686,0.13046664398502644,-1.256219739,-1.376122443,0.05851701394837313,0.05916736850269887,0.05637683760441452,0.05719360690593839
8.8,-0.158243189,-0.150793631,-1.268779578,-1.405634958,0.0677891634273575,0.06853201104020731,0.03534886303765751,0.03581979132718944
9,-0.39929513,-0.419421654,-1.11468485,-1.250495539,0.07234708128430642,0.07319477225297755,0.009699355985502159,0.009930195945214312
9.200000000000001,-0.594072709,-0.63972716,-0.810614528,-0.927160346,0.07154157279356811,0.07231859377552023,-0.017868741,-0.018518888
9.4,-0.71597742,-0.781652595,-0.393626144,-0.474936594,0.06525481949161548,0.06594617056860597,-0.044579052,-0.04493228
9.600000000000001,-0.74749712,-0.82490425,0.08344888629685836,0.048891120243935354,0.0539755651327032,0.054506637731784206,-0.067354924,-0.068533193
9.8,-0.682709688,-0.761843731,0.558817707185022,0.5764482677751905,0.03872666887361405,0.039059033970085,-0.083912237,-0.084688384
10,-0.528275996,-0.598729101,0.9698513164532191,1.0382006417373901,0.02095762797597222,0.021082385684764296,-0.092330446,-0.093719863
10.200000000000001,-0.30276602,-0.355114122,1.261438814756692,1.3722346854353222,0.002380322115044683,0.002240670559181237,-0.091968885,-0.093063226
10.4,-0.034385676,-0.061461222,1.393442920057633,1.5326349251060305,-0.015249544,-0.015614153,-0.082955215,-0.084278138
10.600000000000001,0.24261127197504395,0.24473379878859278,1.3462404271707715,1.495816059515104,-0.03031154,-0.030942176,-0.066604617,-0.067717249
10.8,0.49236114337699954,0.5238028345348711,1.1235814584159278,1.263933768511473,-0.0415356,-0.042330054,-0.044935131,-0.045596653
11,0.6820947249084659,0.7391127563734119,0.7523572239209366,0.8648891254732974,-0.048098297,-0.049012038,-0.020472363,-0.0208776
11.200000000000001,0.7864826760900547,0.8619259794263768,0.2792815803344018,0.34889508798124397,-0.049730845,-0.050634053,0.0039145209696864695,0.004423146744163862
11.4,0.7910404931594524,0.8752636668813094,-0.235094503,-0.217958772,-0.046707983,-0.047463656,0.025666952987547408,0.02654294095303102
11.600000000000001,0.6941322890117442,0.7762483208758799,-0.724251996,-0.762303964,-0.03980079,-0.040341879,0.04239657663482109,0.043742354827121945
11.8,0.5072974598245161,0.5766041365949156,-1.124420279,-1.213114936,-0.030198655,-0.030429164,0.05241287709442683,0.0540244668993563
12,0.25384555626062166,0.3012362248197821,-1.382981457,-1.51108052,-0.01934575,-0.019288217,0.05479803150973309,0.056071423869547596
12.200000000000001,-0.034104005,-0.014933532,-1.465445735,-1.616470896,-0.00880254,-0.008500249,0.04937967535845714,0.05054847273216835
12.4,-0.319754728,-0.331464056,-1.360065554,-1.514452758,-5.53E-05,0.00043055392264624605,0.037057325827176024,0.03764583129487199
12.600000000000001,-0.566397678,-0.607637451,-1.07946976,-1.217138733,0.005665614019523819,0.006224324145216061,0.019443994779109457,0.019690476138799297
12.8,-0.742182922,-0.807757495,-0.659096396,-0.762091678,0.00752761621297506,0.008109278467743232,-0.001078309,-0.001190114
13,-0.824270927,-0.905807109,-0.152625739,-0.207481058,0.005224176272271992,0.005738035955099186,-0.021751292,-0.022208339
13.200000000000001,-0.801817591,-0.888851669,0.3749832130147764,0.37547534701169993,-0.000995948,-0.000580953,-0.039777018,-0.040387146
13.4,-0.677401434,-0.758740595,0.855937470057355,0.9117800741178744,-0.01034006,-0.010086521,-0.052631634,-0.05356686
13.600000000000001,-0.466705532,-0.531884479,1.2284210358547785,1.3324179583715152,-0.021581259,-0.021517951,-0.05849968,-0.059506286
13.8,-0.196497887,-0.237138527,1.4446150353317808,1.5833221987137494,-0.033204928,-0.033373144,-0.056383968,-0.057659044
14,0.09882488587465305,0.08792858246334521,1.4768788118281677,1.6323719766195866,-0.043606495,-0.044024595,-0.046368997,-0.047564871
14.200000000000001,0.3816752177771932,0.4018889983046904,1.3212841189901485,1.4735086811135114,-0.051289042,-0.051942019,-0.029435587,-0.030581178
14.4,0.6161145233736819,0.6647978294253147,0.9980558765812984,1.1274439267539536,-0.055043273,-0.055893501,-0.007455549,-0.008205237
14.600000000000001,0.772464496753031,0.8433260507083169,0.5488731425388099,0.6388845156346293,-0.054094003,-0.055036308,0.01717275923576566,0.016987888576628803
14.8,0.831092092778597,0.9150178177378299,0.0314020369678991,0.07065367402039319,-0.048177026,-0.049100494,0.04175672441116288,0.04216088158858485
15,0.7848826636124939,0.8711248320688664,-0.488211509,-0.504500841,-0.03757613,-0.038348679,0.06358125243927432,0.06466324820511345
15.200000000000001,0.6400886523040182,0.7176591479013072,-0.943897296,-1.01333257,-0.023088813,-0.02360324,0.0802547779801402,0.08169331655711418
15.4,0.41545544651087696,0.4745401623996721,-1.278144565,-1.391518437,-0.005948483,-0.006157973,0.08984028745167395,0.09143451125977572
15.600000000000001,0.1397500876728035,0.17296057070898957,-1.449316104,-1.591852416,0.012292888155066085,0.012399502213780831,0.09113904555307897,0.09263809615356468
15.8,-0.151975611,-0.148673969,-1.436853268,-1.590161791,0.029930846809081913,0.030301622236658554,0.08382353710162391,0.08496050158814028
16,-0.422894863,-0.449695349,-1.243720807,-1.388200311,0.045285447548623035,0.045851141114969254,0.06848982173834225,0.06929382524444515
16.2,-0.639101392,-0.69236753,-0.89580626,-1.013175423,0.05689490713264774,0.0575774261402099,0.04670111251102906,0.04706100737981134
16.400000000000002,-0.773886542,-0.846655325,-0.438383343,-0.514013513,0.06368773444081874,0.06440909389884415,0.020760341610298036,0.020815784700843398
16.6,-0.811053247,-0.893959336,0.06986629276599657,0.045119542654358066,0.0651116999573179,0.0658131043864979,-0.006487398,-0.006758373
16.8,-0.746855062,-0.829351468,0.5644744962080841,0.5931692776010876,0.06120495824062699,0.06182406313130738,-0.032058196,-0.032583397
17,-0.590329062,-0.662043191,0.9834476327471307,1.061316593430664,0.05258691229823664,0.053076618048461914,-0.053171767,-0.053963273
17.2,-0.362001868,-0.41405071,1.275098865052409,1.3916899474118887,0.040382324612718234,0.04068559146535904,-0.067622421,-0.06867055
17.400000000000002,-0.091156354,-0.117252798,1.4044544985676648,1.5445546366948395,0.02607561871339559,0.02615092023857117,-0.074040817,-0.075276666
17.6,0.18797122335974087,0.19075961987155055,1.3574360484495482,1.503081881332558,0.011329987131459383,0.01114268850911287,-0.072034145,-0.073389207
17.8,0.44056448638459533,0.4714953830972832,1.1423217595394433,1.2751281695465895,-0.002215541,-0.002665658,-0.06221823,-0.063459191
18,0.6356044895062429,0.6904128591913757,0.7883482882364159,0.8918470742029931,-0.013133442,-0.013806713,-0.046068252,-0.047026345
18.2,0.7496995209746458,0.8211936659500778,0.3416787878383385,0.403376156531312,-0.020363791,-0.021180601,-0.025744861,-0.026185276
18.400000000000002,0.769888058333714,0.8489059358116162,-0.14069238,-0.127811514,-0.02332282,-0.024165824,-0.003797331,-0.003622056
18.6,0.6950834697437998,0.7716797506649936,-0.598291555,-0.634981349,-0.021953108,-0.022703326,0.017099074571736587,0.017841652613667686
18.8,0.5360018926572786,0.6007108522228086,-0.974811115,-1.05559431,-0.016722969,-0.017276601,0.03441352454596714,0.035601571155064446
19,0.3136134313173827,0.3586257841165962,-1.22507504,-1.339061776,-0.008568328,-0.008861941,0.04603918701905584,0.047405408742336314
19.200000000000003,0.05634183605291568,0.07644828659827876,-1.320458567,-1.452832217,0.0012131211439368353,0.0011922090987019195,0.050499806692166235,0.05183350826784981
19.400000000000002,-0.203608588,-0.210421111,-1.252112778,-1.386077324,0.011109444014154453,0.01133734916707976,0.04715988708150482,0.04828310536464739
19.6,-0.434319548,-0.466685938,-1.031639326,-1.150570043,0.01957528545684189,0.01999608349349427,0.036324663760681566,0.03712770922337536
19.8,-0.608100228,-0.661522679,-0.689191348,-0.778711377,0.0252206041713317,0.02576997192096073,0.019237182416337605,0.01971492865282133
20,-0.704814387,-0.772293468,-0.269305763,-0.319025662,0.026989885414337316,0.027599832172137184,-0.002035826,-0.001903622
20.200000000000003,-0.714193653,-0.787155758,0.17495410331417122,0.1702416639750303,0.02430189896420905,0.024907710740254718,-0.024865465,-0.025036267
20.400000000000002,-0.636874088,-0.706271145,0.5887652202650016,0.628572725140513,0.017132122131756335,0.017671900157942393,-0.046373892,-0.046865514
20.6,-0.484060847,-0.541499895,0.9223511695092435,1.0007098725149792,0.006024243191395822,0.006435408151709914,-0.063819414,-0.064609204
20.8,-0.275899254,-0.314659946,1.1369777108695376,1.2433294811544264,-0.00797177,-0.007748075,-0.07493311,-0.076016655
21,-0.038789431,-0.05460589,1.2094158072626369,1.3300494018613074,-0.023424536,-0.02344202,-0.078211239,-0.079519246
21.200000000000003,0.19799359586144757,0.2064767628767593,1.1343624545632913,1.2541986206356779,-0.038693525,-0.038984553,-0.073081447,-0.074486138
21.400000000000002,0.4059379144354732,0.4370819539205437,0.9245840520968156,1.0290736620089729,-0.052121708,-0.05268896,-0.059951298,-0.061270173
21.6,0.5607355435047104,0.6101947110658434,0.6088367968459111,0.6857308984216157,-0.062226733,-0.063029405,-0.040135763,-0.041135852
21.8,0.6451108899504742,0.706442700877091,0.22789084178155872,0.2686715303174948,-0.06786534,-0.068820751,-0.015677129,-0.016178916
22,0.6507084315489169,0.7162211907977359,-0.170782401,-0.169984725,-0.068357065,-0.069352521,0.01088204607846288,0.010993538899474397
22.200000000000003,0.5788419736684391,0.6405666029433099,-0.538968303,-0.577057731,-0.063556867,-0.064469086,0.03677786536831542,0.037482685453610054
22.400000000000002,0.44005063908328756,0.49071341242829164,-0.833554502,-0.904773488,-0.053871401,-0.054594238,0.0593026621634518,0.060463718436536876
22.6,0.2525567981794294,0.2864339282766031,-1.021556414,-1.116347614,-0.040220023,-0.040680825,0.07608447385249437,0.0775062709756833
22.8,0.039851107828572783,0.05340513166448599,-1.083739168,-1.190039096,-0.023940383,-0.024109904,0.08535178729617786,0.08680767662365953
23,-0.172272632,-0.180043704,-1.016451933,-1.121237802,-0.006646678,-0.006536476,0.08614080213281373,0.08745906560431915
23.200000000000003,-0.358856231,-0.386387916,-0.831521084,-0.922412136,0.009947625551648787,0.010297150090209992,0.07843800583731887,0.07949621612392024
23.400000000000002,-0.49870533,-0.542144989,-0.554293021,-0.621009964,0.02422445052134866,0.02475390992663449,0.06320389253316097,0.06394108751540444
23.6,-0.57676618,-0.630514092,-0.22014069,-0.255648963,0.03484824180667823,0.035491496607217204,0.04227824703869586,0.042675621841562386
23.8,-0.585689018,-0.643125981,0.13008530615971414,0.12886924501698532,0.04092250831649024,0.041610168709680394,0.01816591549181838,0.01821377104708146
24,-0.526424817,-0.580731146,0.45506932942269795,0.4870758820064158,0.042092803872062656,0.042755823667317984,-0.006273304,-0.006567726
24.200000000000003,-0.40782467,-0.45278882,0.7178918461491969,0.7781991429471556,0.03858300847083525,0.03915279850696481,-0.028177409,-0.028812782
24.400000000000002,-0.245330414,-0.276051595,0.8901684002440342,0.9707464275795437,0.03115937525809116,0.031570616319548495,-0.045040562,-0.045982772
24.6,-0.058948796,-0.072355389,0.9550120623744078,1.04579870430725,0.021028248572865952,0.02122521086590072,-0.055011236,-0.056197221
24.8,0.12922342324848451,0.13409187580656992,0.9085270161964388,0.998690675045177,0.009682123522860206,0.0096272302388522,-0.0571057,-0.05841252
25,0.2976156611124809,0.3195845409736044,0.7597288746947355,0.8389595177910824,-0.001285248,-0.00159971,-0.051300064,-0.052558623
25.200000000000003,0.42763236368533375,0.46361602782194167,0.528980184875964,0.5886530979464321,-0.010370243,-0.010915701,-0.038506753,-0.039525531
25.400000000000002,0.5056607680796826,0.5510958257496535,0.24519341308722611,0.2792817682490061,-0.016335386,-0.017045387,-0.020444976,-0.02104688
25.6,0.5244268001628578,0.5738542593432132,-0.057808125,-0.052171786,-0.018350494,-0.019129615,0.0005716431481323342,0.0004928681963046883
25.8,0.4835772478733088,0.5312983470144947,-0.345317434,-0.367667877,-0.01608608,-0.01682641,0.021896727426339815,0.022358005574286393
26,0.38945774037829056,0.4301851033393343,-0.58567661,-0.632431414,-0.009750837,-0.01035105,0.040844914086967846,0.04176326391529827
26.200000000000003,0.2541506361374364,0.2835813073294828,-0.753678712,-0.818692984,-6.97E-05,-0.00045318,0.054987117501029206,0.05620697536072036
26.400000000000002,0.09391596738642027,0.10916622345459437,-0.833085723,-0.908463015,0.01179547955105063,0.01167091318970791,0.062427163096172515,0.06376477842625503
26.6,-0.072762517,-0.072901236,-0.818032407,-0.895083714,0.024376775425460184,0.024516312748960538,0.06203238452566315,0.06330859587332101
26.8,-0.227291671,-0.242293868,-0.713223121,-0.783458351,0.03606938232534708,0.03644612292034688,0.05358457314774892,0.05466113766418516
27,-0.353004892,-0.380744111,-0.532969039,-0.589008952,0.04532155523978264,0.045885284864410084,0.03783133811711687,0.038612089555439315
27.200000000000003,-0.436902766,-0.47395123,-0.299235131,-0.33555053,0.0508228921315289,0.05150836170629359,0.01641687015165135,0.016848000082850458
27.400000000000002,-0.470925587,-0.512978288,-0.038964549,-0.052372595,0.05166708057159702,0.05240175078765939,-0.008301203,-0.008242857
27.6,-0.452645354,-0.495016092,0.21899637378475872,0.2291120239170248,0.04746811208652045,0.04817660175202639,-0.033530527,-0.033849319
27.8,-0.385331734,-0.423464774,0.44702489731044504,0.4787760187306116,0.0384139196060708,0.03902228104406888,-0.056382682,-0.057060931
28,-0.277415066,-0.307358233,0.6215738859002423,0.6708849987003082,0.025250419996095414,0.025690085670207335,-0.074223575,-0.075223102
28.200000000000003,-0.141430103,-0.160222878,0.7254714099354755,0.7866022983332241,0.009197813643899048,0.009411378199560776,-0.084992149,-0.086237859
28.400000000000002,0.007427250342509784,0.001485205950891317,0.749464946906797,0.8156718243851092,-0.008189663,-0.008240798,-0.087441336,-0.08882043
28.6,0.15296625190105578,0.1601864243664346,0.6928962373058405,0.757156349810985,-0.025202271,-0.02553012,-0.081276637,-0.082636328
28.8,0.27971306706886945,0.2990344194589442,0.5634851073322118,0.6192094319352419,-0.040169265,-0.040752558,-0.067175848,-0.068341354
29,0.3744951060437429,0.4036360866928188,0.37628613057693033,0.4179558742579661,-0.051645785,-0.052428675,-0.04669604,-0.047500732
29.200000000000003,0.427744752607613,0.4634701668390815,0.15195992308196804,0.17562766846378214,-0.058571315,-0.059467895,-0.022085272,-0.022401799
29.400000000000002,0.43440492835351247,0.47287633809335594,-0.085448336,-0.081828088,-0.060382854,-0.061288857,0.003976541803569465,0.0042004454337565954
29.6,0.39435989922766984,0.4315333371089155,-0.310993675,-0.327423955,-0.057072023,-0.057881189,0.028674365589224753,0.029406378456552293
29.8,0.31236307739266655,0.34439523292158564,-0.501336366,-0.535832265,-0.049181187,-0.049802023,0.04936659319662758,0.05049302216573962
30,0.19748118523338376,0.22110638069809732,-0.637036142,-0.685859324,-0.037739308,-0.038109242,0.06387378295341303,0.06522576205164211
30.200000000000003,0.062118336725121126,0.07496252792629313,-0.704428087,-0.762476195,-0.024144261,-0.02423682,0.07072179685971655,0.07211243486599445
30.400000000000002,-0.079279333,-0.078474657,-0.696918414,-0.758229477,-0.010003144,-0.009828506,0.06931370232264945,0.07056896276249004
30.6,-0.211710698,-0.222973269,-0.615588744,-0.673916964,0.0030525154516410327,0.003453243168437166,0.06000630633995754,0.06099380145855159
30.8,-0.321153158,-0.343283103,-0.469059339,-0.518473099,0.013556341309489838,0.014120208635400852,0.044079721552186715,0.044713264855240305
31,-0.395996003,-0.42668627,-0.272627819,-0.308076352,0.020379226935133388,0.021030896322824594,0.023593733243277494,0.023835727607389084
31.200000000000003,-0.428234624,-0.464297885,-0.046757608,-0.064561674,0.02286260350013767,0.023523210695112477,0.0011469063978490485,0.0009964032782870582
31.400000000000002,-0.414308333,-0.451990482,0.18494659546575867,0.18672613105603436,0.02089580772365396,0.021489063052981462,-0.020436698,-0.020952905
31.6,-0.35549681,-0.390849085,0.3980950052414084,0.4194447227871911,0.014926784255426647,0.015384292336979697,-0.038452668,-0.039283983
31.8,-0.257830092,-0.28710595,0.569982695264163,0.6089041684173151,0.0059044408632942065,0.006169884221194528,-0.050647745,-0.051722948
32,-0.131512755,-0.151552256,0.681938236753968,0.7346056583243197,-0.004840418,-0.004806373,-0.05549507,-0.056715125
32.2,0.0100901306721988,0.0015258980451642173,0.7213193782045965,0.7824192573718457,-0.015760223,-0.015974508,-0.052374915,-0.053615104
32.4,0.1518129740077333,0.1557919369762718,0.6829456538453607,0.7461761116368849,-0.025280758,-0.025732827,-0.041641468,-0.042752843
32.6,0.27826583638422586,0.29454738318268986,0.5698054564904937,0.62849301456164,-0.031992433,-0.032640893,-0.024567935,-0.025395525
32.800000000000004,0.37547058323230875,0.4024988381852638,0.39293635350046646,0.4407172826093483,-0.034819427,-0.035593337,-0.003184012,-0.003591203
33,0.43238783234977723,0.46742188051671724,0.17045946906401555,0.20195608439248675,-0.03314752,-0.033953026,0.01997048905532201,0.02007016958931897
33.2,0.4421708823190298,0.4815442993302207,-0.074169597,-0.062743806,-0.026896999,-0.0276304,0.042141767595948176,0.04275766972616413
33.4,0.40300346849391633,0.44249178713923165,-0.314540304,-0.324917047,-0.016534366,-0.01709856,0.060673022208019366,0.06172951566460539
33.6,0.3184168399923387,0.3536787097392636,-0.524071446,-0.555662927,-0.00302286,-0.003343844,0.07329996862480305,0.0746454551065754
33.800000000000004,0.19703289760698794,0.22408057874274595,-0.678915692,-0.728790564,0.012282119548588492,0.012243087562069467,0.07840243933132043,0.07984273831034636
34,0.05174024821694034,0.06738944194832794,-0.760673083,-0.823787968,0.027781786663396653,0.0280237289840536,0.07519150224925807,0.07652988242522468
34.2,-0.101627377,-0.099378892,-0.758603584,-0.828279728,0.04181202612148581,0.04229751786996946,0.06381182909274866,0.06488648155919548
34.4,-0.245981834,-0.257692623,-0.671067405,-0.739674935,0.05283215705097014,0.05349696441526995,0.04534491700864351,0.04605106425022747
34.6,-0.364865262,-0.389540524,-0.505998811,-0.565778174,0.05960372966487579,0.060368702828651005,0.02170524204043174,0.02199809951852988
34.800000000000004,-0.444323633,-0.47947673,-0.280313012,-0.324250495,0.061338004322700805,0.06212033174456469,-0.004566802,-0.00468213
35,-0.474555716,-0.516441855,-0.018268773,-0.04092566,0.05779324195399384,0.05851450467553612,-0.030595542,-0.031083013
35.2,-0.451141065,-0.495143973,0.2510713627284647,0.25287410325151566,0.049308106406613324,0.04989907463076119,-0.053511434,-0.054316891
35.4,-0.375690313,-0.416823841,0.4970269160740472,0.5237569276678382,0.03676544371289726,0.037168820372817296,-0.070798016,-0.071856745
35.6,-0.255821764,-0.289292934,0.6907877085339635,0.7400470665841318,0.021489992724219593,0.021662720639846582,-0.080598047,-0.081830995
35.800000000000004,-0.104442929,-0.126213002,0.8088081620376143,0.8755095154711459,0.005092618958005854,0.0050095132571345916,-0.081935686,-0.08324213
36,0.061603627893643334,0.05432614099406899,0.8357048532023428,0.9125715750490393,-0.010718874,-0.0110602,-0.074825118,-0.076077142
36.2,0.223393537178559,0.23178890310143274,0.7662950978463247,0.8446409625360481,-0.024338107,-0.024911922,-0.060252976,-0.061299678
36.4,0.3620718667934074,0.38552254518704315,0.6065018573001348,0.6772092086677124,-0.034442747,-0.035192435,-0.040041438,-0.040729264
36.6,0.4610583102497326,0.4971687488865064,0.37297634398961504,0.42756128670714844,-0.040139775,-0.040980308,-0.016616764,-0.016821193
36.800000000000004,0.5080472632841156,0.5528751494631856,0.09143640735758776,0.12307664505374817,-0.041057849,-0.041885457,0.007281980612782601,0.007617816623608239
37,0.4965587508286711,0.5450376145254778,-0.206125202,-0.201724721,-0.037378731,-0.038087261,0.028914607634334746,0.029755593974332677
37.2,0.42684177575246884,0.4733508371032851,-0.485064548,-0.509081209,-0.02980713,-0.030306966,0.04583924501763676,0.04705693751747362
37.4,0.3060030718684352,0.34502055492998884,-0.712133547,-0.76239364,-0.019484118,-0.019718714,0.05617332119605137,0.05757228647229788
37.6,0.14732338394850109,0.17408703172009676,-0.859475298,-0.930618585,-0.007853849,-0.007808498,0.05879682826059411,0.060162479964067525
37.800000000000004,-0.03117919,-0.020084277,-0.908082228,-0.992117572,0.003503313217241084,0.0038024325312936477,0.05348229764933194,0.05462786082186137
38,-0.208787496,-0.214986815,-0.850283142,-0.937480614,0.013054912793848194,0.013550085293471768,0.04093482063591465,0.041734876574698036
38.2,-0.364494399,-0.387586434,-0.690927169,-0.770947659,0.019498506741773357,0.020113942959927328,0.02273009955426824,0.023128863822277277
38.400000000000006,-0.479502557,-0.517059769,-0.447087492,-0.510216744,0.0219206783342642,0.022575519954232903,0.0011461714162520702,0.0011453309105478016
38.6,-0.53951485,-0.58732984,-0.146278705,-0.184619397,0.019912600669256174,0.020530131514736805,-0.021099628,-0.021464188
38.800000000000004,-0.536533147,-0.589086442,0.1766313492607035,0.16815903991007142,0.013625722592636893,0.014138154428365355,-0.041180186,-0.0418577
39,-0.469936406,-0.521034283,0.4834713390930261,0.506448766178564,0.0037584462958336925,0.004108629362623075,-0.056511238,-0.057446584
39.2,-0.346691159,-0.390199678,0.7373059645635824,0.789546675202112,-0.008525974,-0.008383496,-0.065078197,-0.066208136
39.400000000000006,-0.180650318,-0.211237832,0.9069203747495589,0.9826568766408579,-0.021740279,-0.021836591,-0.065689639,-0.066931465
39.6,0.008993502050927624,-0.004803979,0.9707009306674157,1.0612137884317674,-0.034254328,-0.034600954,-0.058121909,-0.059361005
39.800000000000004,0.1999285682149855,0.20483221550196842,0.9194224460879248,1.01404514120433,-0.044492532,-0.045074534,-0.043136177,-0.044223669
40,0.36936128166601323,0.3926530638625267,0.7575794823173725,0.8449620478998034,-0.051121969,-0.051892366,-0.022370451,-0.023139287
40.2,0.49675660639054203,0.5358997088792185,0.5030683060800659,0.5725515969695474,-0.053208117,-0.054087442,0.0018712198727127943,0.0015721618687010628
40.400000000000006,0.5663486577867647,0.6168541881258709,0.18523089322431036,0.22815834232493754,-0.05032102,-0.05120501,0.02689711086687327,0.02715697926367957
40.6,0.5691124183203904,0.625053971808386,-0.158531404,-0.147722971,-0.0425824,-0.04335832,0.049933455186901,0.050743761254898434
40.800000000000004,0.5039465068623654,0.5586587615519544,-0.48718103,-0.510232266,-0.030651803,-0.031219425,0.06842371397246352,0.06966886567562987
41,0.37791069502342217,0.4247890658936526,-0.760977731,-0.815536778,-0.015655641,-0.015946886,0.08029684702516711,0.0817778280263253
41.2,0.20547523091132286,0.23877987432469436,-0.946325108,-1.026176213,0.0009328104890322288,0.0009421480084128454,0.08418721020372,0.0856741371982478
41.400000000000006,0.006859858594901694,0.022425084193312766,-1.019932251,-1.115703482,0.01745142106264619,0.017741175153538784,0.07959195033531874,0.08087955186562691
41.6,-0.194346771,-0.198586027,-0.971770775,-1.072039415,0.03223090048259249,0.03274594835908176,0.06694738581322944,0.06789573572527352
41.800000000000004,-0.374005473,-0.397737693,-0.806446539,-0.899111887,0.043782223968956153,0.04444705313140987,0.047607122131187236,0.04815213284955342
42,-0.510343235,-0.550891749,-0.542799304,-0.616554861,0.05096871711257138,0.05170181357638743,0.023709981870090185,0.023851390698436253
42.2,-0.58661317,-0.639237023,-0.211757553,-0.257482902,0.05314106275748814,0.05386480494542114,-0.002056653,-0.002284176
42.400000000000006,-0.593169643,-0.651620257,0.14730694900283742,0.135407317476051,0.050216203194736436,0.050861490057772504,-0.026775367,-0.027324351
42.6,-0.528699012,-0.585966875,0.49129195369100065,0.5149474067235564,0.042687846503926624,0.04319505661168041,-0.0476562,-0.048480442
42.800000000000004,-0.400447651,-0.449609052,0.7785766068328901,0.8352021547262518,0.03156566184528135,0.03188450044075063,-0.062383686,-0.063433977
43,-0.223410468,-0.258471189,0.9740970082952931,1.0570729432726105,0.018250451088634732,0.01834187909692264,-0.069401925,-0.07061253
43.2,-0.018570605,-0.035202724,1.053660309548461,1.1531104564536436,0.004361987873120756,0.0042031885296455514,-0.068097558,-0.069369024
43.400000000000006,0.18960197328318568,0.19352143434165725,1.006962803267176,1.110938365116127,-0.008457357,-0.00886505,-0.058856296,-0.060046903
43.6,0.3760924251279687,0.4002086805963079,0.8389317148170091,0.9348575487431551,-0.018737202,-0.019360711,-0.042990181,-0.043928048
43.800000000000004,0.5183675560649511,0.5598762804233244,0.5692147493503221,0.6454233892072663,-0.025347709,-0.026119122,-0.022554481,-0.023070286
44,0.5991171298434039,0.6530922415175223,0.22987050882738805,0.27703195641225903,-0.027623163,-0.028445044,-8.75E-05,-6.38E-05
44.2,0.6083745330276137,0.6683567258262566,-0.138467632,-0.12619533,-0.025429185,-0.026189559,0.021686245914750657,0.02227199288840173
44.400000000000006,0.54475484079972,0.6035300399985264,-0.491491446,-0.515733478,-0.019169855,-0.019763454,0.04015529557950624,0.04121342860848238
44.6,0.4156554477696613,0.46612865602632575,-0.786585188,-0.844535225,-0.009736909,-0.010086331,0.053097832977220226,0.05444558185346243
44.800000000000004,0.2363909976320466,0.2724487384365172,-0.988005101,-1.072753028,0.0015926922237742948,0.001523027837870109,0.058918877462015004,0.06033066740986309
45,0.02836467781457845,0.04562036771685875,-1.071236857,-1.172599744,0.013301445434812358,0.0135026401576388,0.05683297277856079,0.05809869102684767
45.2,-0.183503944,-0.187173194,-1.025995928,-1.131751414,0.023805501580407906,0.02423205830927736,0.046972891217718034,0.047941920637819865
45.400000000000006,-0.373783184,-0.397974463,-0.857501366,-0.954873217,0.03164141315803396,0.032225122707498687,0.030403212785801957,0.0309988827179179
45.6,-0.519600287,-0.561429966,-0.585865709,-0.663077613,0.03564464334171476,0.03630864025071405,0.009022587233917252,0.009231618456253378
45.800000000000004,-0.603406392,-0.657857031,-0.243672684,-0.291381937,0.03509723754154028,0.03576616650406946,-0.014645177,-0.014799373
46,-0.615098611,-0.675625574,0.12796126225073054,0.11552723051965562,0.029824041935142237,0.03042880601548487,-0.037751846,-0.038233037
46.2,-0.553241601,-0.612565344,0.48436193827072455,0.5087046845794381,0.020222738670322232,0.020701597354021786,-0.057477946,-0.058249874
46.400000000000006,-0.425240371,-0.476227691,0.7827018299702906,0.8408720767312517,0.007222128907205371,0.007520661105559473,-0.071388482,-0.072412403
46.6,-0.246444228,-0.282970925,0.9871748093744462,1.0721358548368265,-0.007826634,-0.007753592,-0.077739336,-0.078958324
46.800000000000004,-0.038291581,-0.055981621,1.0733136537883055,1.1748005892417805,-0.023311346,-0.023494249,-0.075690009,-0.077010986
47,0.17427784656890724,0.17752642099737131,1.0309251936068677,1.1366954274167136,-0.037550749,-0.037996697,-0.065394701,-0.066676818
47.2,0.36582876549737076,0.389594548333194,0.8652915105570821,0.9626121482597094,-0.048991697,-0.049675452,-0.047963541,-0.049027805
47.400000000000006,0.513489167,0.5548841203951255,0.5964963229791015,0.673686027797392,-0.056386647,-0.057245882,-0.025308574,-0.025970359
47.6,0.5996925157368336,0.6537170224164207,0.2569639779599298,0.3048021881310308,-0.058931272,-0.05987022,9.493725275270658e-05,-2.35E-05
47.800000000000004,0.6142727035553125,0.6744243847543329,-0.112482202,-0.09965143,-0.056349014,-0.057252396,0.025494026570032535,0.02596672691311306
48,0.5556617094903389,0.6147233487097732,-0.467560758,-0.491160054,-0.048916883,-0.049671233,0.048155053694484626,0.04915209563392531
48.2,0.4310488783737423,0.48195923417214015,-0.765867664,-0.822933956,-0.037432771,-0.037948692,0.06564816034190145,0.06700080787645567
48.400000000000006,0.25548738127673637,0.29218918111425063,-0.971961464,-1.055524043,-0.023128709,-0.023357025,0.07610065726720083,0.07758537691815845
48.6,0.0500606609192297,0.06822331492091938,-1.061583834,-1.161525139,-0.00753783,-0.007474558,0.07840386769755116,0.07980142176356533
48.800000000000004,-0.160665739,-0.163135135,-1.024513545,-1.128803103,0.007673732675010144,0.007993250671584979,0.07235272931993685,0.07349566758912998
49,-0.351596914,-0.37431439,-0.865716667,-0.961869124,0.02089412190342216,0.02140812258970475,0.05869459924476013,0.05948643174175302
49.2,-0.500108329,-0.540273051,-0.604667667,-0.681243905,0.03075201788533311,0.03138629072584979,0.03906735054037914,0.039477544909146886
49.400000000000006,-0.58873316,-0.641476833,-0.272935199,-0.320906733,0.036278908118287344,0.03695775600135826,0.01582258566789971,0.015861966520651194
49.6,-0.607216813,-0.666198531,0.08966488893991278,0.0758506756917797,0.03702551701296849,0.03767746911685505,-0.008252041,-0.008554966
49.800000000000004,-0.553697104,-0.611870296,0.4398754621917508,0.46165633565037256,0.03311541933709265,0.033675220903472115,-0.030275807,-0.03088919
50,-0.434875428,-0.485333463,0.7361798093711434,0.7907383105682606,0.025227482252970786,0.02563636280807748,-0.047635362,-0.048524469
50.2,-0.265166052,-0.301964543,0.9437354539727116,1.0243692110568254,0.014508779108050367,0.014716317801953422,-0.058310744,-0.059424275
50.400000000000006,-0.064933063,-0.083790653,1.0384722096288495,1.1354255441142171,0.0024297891760443682,0.0023988463284610106,-0.061119887,-0.062373293
50.6,0.14196728357126018,0.14317228932013826,1.0098723875132753,1.1115250462873547,-0.009398342,-0.009683422,-0.055849394,-0.057111595
50.800000000000004,0.33104023998014753,0.35203482866192576,0.862114298800277,0.9563806586084092,-0.019419936,-0.019944291,-0.043257322,-0.044356961
51,0.48005978434458785,0.5182279170088179,0.6134578600650682,0.689229145655544,-0.026319243,-0.027031874,-0.02495659,-0.025710279
51.2,0.5716825300515797,0.6223952146959159,0.2939641266404711,0.3424179555865458,-0.029171649,-0.029987278,-0.00320457,-0.003461203
51.400000000000006,0.5954618121069134,0.6526426235707753,-0.058163936,-0.042539503,-0.027546266,-0.02835688,0.019366838461848255,0.019676430624169922
51.6,0.5490282135318238,0.6058849977457795,-0.401170999,-0.41995614,-0.021551614,-0.022245985,0.04004487125291574,0.040882157513287554
51.800000000000004,0.4383049302069993,0.4881390633034492,-0.694713701,-0.745409171,-0.011822415,-0.012307567,0.05632760171222944,0.05755204205300792
52,0.27674203968856,0.3137385310464736,-0.90460912,-0.980972974,0.0005499923887125912,0.00033162075320022346,0.06619262813687005,0.06759944254244825
52.2,0.08367007315131164,0.10357507772441697,-1.006806951,-1.099630948,0.014137128354035808,0.014200367589269153,0.06832445380511484,0.069700036178392
52.400000000000006,-0.118023831,-0.117416766,-0.990126952,-1.08835284,0.027332536060716624,0.027652574854056096,0.0622797787004215,0.06344808711777448
52.6,-0.304616974,-0.323226896,-0.857451219,-0.949493212,0.038535643883463006,0.039058703444070655,0.04856530201833818,0.049413992736920105
52.800000000000004,-0.454343294,-0.489833872,-0.625249753,-0.700362725,0.046340711423078836,0.04699694570804259,0.02860784316240826,0.029087257542050195
53,-0.549929695,-0.598005785,-0.321515488,-0.371047487,0.04970808294683094,0.05042267479562874,0.004607571511616601,0.004713490433896067
53.2,-0.580580125,-0.635510953,0.017630291569339873,-0.000753329,0.04809517360602845,0.04879500306067844,-0.020714693,-0.020964218
53.400000000000006,-0.543181477,-0.598486291,0.35224780410157625,0.36687759553426164,0.04152861273784447,0.042145162551798836,-0.044446541,-0.045025103
53.6,-0.442598473,-0.491812271,0.6432872569366127,0.6889168366166174,0.03060667895725774,0.031077137229335573,-0.063843791,-0.064720142
53.800000000000004,-0.291033293,-0.328462017,0.8571406944747253,0.9281574913753461,0.0164308814237388,0.016699985045075694,-0.076670701,-0.077797865
54,-0.106535095,-0.127912194,0.9695079333849002,1.0573963186845163,0.00047560076698585527,0.0005003618626815289,-0.081471674,-0.082771413
54.2,0.08915701556474309,0.08618801674793236,0.96813340108747,1.062500511663254,-0.015586587,-0.015829229,-0.077738135,-0.079087984
54.400000000000006,0.27317884828950695,0.2888098037181306,0.8541101212885386,0.9439169421285196,-0.030080704,-0.030584826,-0.065951111,-0.067185771
54.6,0.4242108901643521,0.45646904209223466,0.6416169030989636,0.7164688925761725,-0.041521189,-0.0422453,-0.04750097,-0.048435703
54.800000000000004,0.5249413738744737,0.5699409574790156,0.3561389443912484,0.40748526560068554,-0.048776965,-0.049643886,-0.024504797,-0.024975012
55,0.5640393392795969,0.6164521156255752,0.03139768997150559,0.053500623746494155,-0.05119228,-0.052097949,0.00044769959700093585,0.0005386537741618588
55.2,0.5374145080479251,0.5911019416404106,-0.294639182,-0.304072073,-0.048652524,-0.049483304,0.024584524949561065,0.02523283965063545
55.400000000000006,0.44862606418559337,0.49735808143797305,-0.584194118,-0.623783886,-0.041590857,-0.04224442,0.04524893400689072,0.0463471505698578
55.6,0.3084026295535173,0.34657881835418364,-0.804044643,-0.868941738,-0.030936541,-0.031340449,0.060181115246130346,0.06154471305734656
55.800000000000004,0.1333386262232918,0.15662870741155854,-0.929314874,-1.011797218,-0.018010279,-0.018132626,0.06776327868002678,0.06918032837032412
56,-0.056073464,-0.050242779,-0.94626348,-1.036657924,-0.004375843,-0.004225776,0.0672078747725691,0.06848686508314185
56.2,-0.237841532,-0.25000718,-0.853760361,-0.941576888,0.00833819875502808,0.008718235578561892,0.0586642359132804,0.05966720094677946
56.400000000000006,-0.391021743,-0.419642266,-0.663297115,-0.738443401,0.018628115318542606,0.019174320754140193,0.04322267595394477,0.04387358193024035
56.6,-0.498122271,-0.539774852,-0.397548729,-0.451483572,0.02529406470638353,0.02593288871852922,0.022803720219745444,0.023078365875433726
56.800000000000004,-0.547088085,-0.596879284,-0.087666255,-0.114363031,0.02758578613178099,0.028242406502344202,-6.22E-05,-0.000155814
57,-0.532643457,-0.584784246,0.23037380953719866,0.23376285321836998,0.02529511484597765,0.025898091951102525,-0.022540778,-0.022978836
57.2,-0.456845021,-0.505322519,0.5199368744694005,0.5527865851026798,0.01878197153849688,0.01926556087789465,-0.041845306,-0.042594762
57.400000000000006,-0.328789637,-0.368057844,0.7479328583460008,0.8062502597439304,0.008929567107863901,0.009235841482287468,-0.055584642,-0.056598748
57.6,-0.163518471,-0.189129039,0.8885743889918473,0.965486518846317,-0.002965524,-0.002882737,-0.062058834,-0.063264458
57.800000000000004,0.019750115666342483,0.010648244198042646,0.9262675150468601,1.0128318502142064,-0.015353667,-0.015522243,-0.060461649,-0.061747554
58,0.19985131445654836,0.20819890214596665,0.8573146156661978,0.9435566411956869,-0.026621441,-0.027042893,-0.050965072,-0.052179774
58.2,0.3561098813841985,0.3808447293089385,0.6902480680826396,0.7663046182949304,-0.035285344,-0.035927968,-0.03467981,-0.035647296
58.400000000000006,0.47070291261565195,0.5088957863049774,0.44476709502577044,0.502009957115809,-0.040166162,-0.040963385,-0.013505199,-0.014058795
58.6,0.5306795481756713,0.5778816292780402,0.14941549218137665,0.18142008241978658,-0.040524512,-0.041380832,0.010103941258941375,0.010078990529856429
58.800000000000004,0.5294124622113555,0.5801725257694869,-0.161731275,-0.158471876,-0.036144174,-0.036949642,0.033420190452303294,0.033949526786398766
59,0.46731895708878174,0.51581064868675,-0.452982406,-0.478680345,-0.027356682,-0.028006302,0.05374350817896019,0.0547520487977671
59.2,0.35177537748575005,0.392462762539621,-0.691105663,-0.742676209,-0.01500634,-0.015419198,0.06869278908763522,0.0700198670092091
59.400000000000006,0.19623978002485665,0.22450550417137077,-0.84909557,-0.920528616,-0.000359759,-0.000492314,0.07646570123805188,0.07790650726998058
59.6,0.018687247038330974,0.03135265763838855,-0.909213534,-0.992272218,0.015031722057229017,0.015181734937847169,0.07604637053160362,0.0774003008759307
59.800000000000004,-0.160460677,-0.164781436,-0.864960011,-0.950126116,0.029504020229550836,0.029902465866728747,0.06733776995791792,0.06844669283738232
60,-0.320675076,-0.341426012,-0.721762113,-0.799321354,0.04146937156983547,0.04205644358872175,0.05119699835361829,0.051963281390264515
60.2,-0.443660679,-0.478415612,-0.49630693,-0.557449886,0.04960144887518103,0.05030369873700472,0.02935900138265976,0.02974178586982075
60.400000000000006,-0.51543359,-0.560179216,-0.21460203,-0.252417321,0.05299385912420126,0.05373408693449443,0.004248094682016179,0.004247539127557629
60.6,-0.527901566,-0.577499022,0.09101253089763471,0.08076309814157584,0.05127108924671421,0.0519746242783962,-0.021304572,-0.021666101
60.800000000000004,-0.479769489,-0.528541669,0.3855588437175445,0.4039697482685445,0.044636294974731,0.04523418204208246,-0.044403088,-0.04509154
61,-0.376669768,-0.419047706,0.6354034878580346,0.6803107770908656,0.033848558214382006,0.03427967618096671,-0.062441668,-0.063412173
61.2,-0.230505082,-0.261660273,0.8120767546355756,0.87831158126121,0.020132008028315402,0.020345982077998495,-0.073423231,-0.074610893
61.400000000000006,-0.0580798,-0.074471248,0.8954988621779595,0.9754789311007928,0.005028625176497047,0.004991118433108085,-0.07619735,-0.077505146
61.6,0.12082331955052365,0.12104896074038747,0.8762493595493466,0.9608418686455867,-0.009785739,-0.010085861,-0.070586547,-0.07187918
61.800000000000004,0.28570252357181736,0.30250253154158874,0.7566259597570346,0.8361835048259656,-0.02269821,-0.023241627,-0.057387994,-0.058499062
62,0.4176760686358655,0.44911807415932314,0.5503729329260758,0.6158284083818079,-0.032343972,-0.033077119,-0.038256841,-0.039016171
62.2,0.5016349895287506,0.5441180036861448,0.2811125775427265,0.32500591044819155,-0.037758084,-0.03859596,-0.015495274,-0.015765451
62.400000000000006,0.5279663677669263,0.5766305853848392,-0.02034429,-0.003020752,-0.038478249,-0.039315278,0.008221373716419438,0.008502449799227088
62.6,0.49365087502439164,0.5429304447080592,-0.319505339,-0.330736756,-0.034589574,-0.03531736,0.030145081728405215,0.030942362852877815
62.800000000000004,0.40260978762026467,0.4468660850385899,-0.582123196,-0.620644539,-0.026708993,-0.027235751,0.04775394545843873,0.04893879074875543
63,0.26526146226682573,0.2994253392712911,-0.778099053,-0.839534502,-0.015912183,-0.016178943,0.05902435666505688,0.06040475876470392
63.2,0.09733670460876112,0.11748685877036663,-0.884919433,-0.962275413,-0.003610525,-0.003599001,0.0626553072195983,0.06402438076747194
63.400000000000006,-0.081913325,-0.078101507,-0.890237002,-0.974691968,0.008610382739233579,0.008879214664558231,0.058224788158960344,0.05940332879050614
63.6,-0.251914645,-0.264900748,-0.793299222,-0.875203778,0.019174786850117354,0.019649523304803823,0.04625583912436132,0.04712114299391388
63.800000000000004,-0.393122543,-0.421444789,-0.60505896,-0.67503282,0.026703671766664164,0.027314541479037904,0.028176691273982722,0.02866728028031723
64,-0.489262233,-0.529699751,-0.346951486,-0.396953569,0.03018240834713944,0.030852612745594265,0.006168669585384888,0.006272583486307929
64.2,-0.529201012,-0.577137231,-0.04847133,-0.072721189,0.029087591574235495,0.029741296248509047,-0.017086608,-0.017350781
64.4,-0.508237535,-0.558184152,0.25617994111548875,0.26053365356365665,0.023455491627880236,0.02402230985795018,-0.038732019,-0.039330155
64.60000000000001,-0.428658586,-0.474881086,0.5319960671775598,0.5645382457811774,0.013881849160560084,0.014299209240048554,-0.05608881,-0.05697699
64.8,-0.29949698,-0.336670803,0.7471759372279257,0.8042591514407021,0.0014520604934097634,0.0016675104666977088,-0.066990617,-0.0681098
65,-0.135514963,-0.159337606,0.8767837607917119,0.9519313966139256,-0.012389482,-0.012414136,-0.070050647,-0.071315468
65.2,0.044473678040130894,0.03678493960446152,0.9056383272429941,0.9902739118889193,-0.026013649,-0.026296045,-0.064825763,-0.066114897
65.4,0.21975364146610143,0.2291358507358151,0.8300975958821768,0.9145178794980566,-0.037801538,-0.038331406,-0.051857667,-0.05301502
65.60000000000001,0.3700856792463819,0.39551444254643203,0.6585266979884442,0.7330101808063579,-0.046335203,-0.04706901,-0.032591072,-0.033444879
65.8,0.4780397389005524,0.5166382596521931,0.41038870558992213,0.46631281819232195,-0.050561149,-0.051422215,-0.00918757,-0.009584783
66,0.531015248473441,0.5783768665288902,0.11405438781973953,0.14489296637000904,-0.049908665,-0.050795166,0.015734072605666574,0.015885050951505476
66.2,0.5227144378381794,0.573402947808282,-0.196425439,-0.194339284,-0.044351894,-0.04515265,0.03939493454060806,0.04009257474149651
66.4,0.4538960127137347,0.5020674052415394,-0.485220308,-0.512254901,-0.034411478,-0.035025767,0.05915828915037003,0.06030066230888495
66.60000000000001,0.33231816707997985,0.3723930504942131,-0.718847653,-0.772010893,-0.02109743,-0.021453367,0.07281122303854799,0.07421797292259243
66.8,0.17187290515624562,0.19918233066370905,-0.870053348,-0.943318271,-0.005799531,-0.005865469,0.07880443862956556,0.08026197330806763
67,-0.008992972,0.0023369887024044106,-0.920995513,-1.005978318,0.009864453442192604,0.010078247393120207,0.07643097344861044,0.07774134115465418
67.2,-0.189392304,-0.195421105,-0.865359369,-0.952274346,0.024228441733883742,0.02467692909153509,0.06592289679519532,0.06694055244534564
67.4,-0.348405444,-0.371167987,-0.709149665,-0.787933797,0.035767279620158944,0.03638277423852388,0.04844758314657252,0.0490921132504977
67.60000000000001,-0.467505058,-0.504433387,-0.470061626,-0.531538897,0.04327413828963488,0.0439789882751913,0.025992492088883337,0.026241616805355982
67.8,-0.532716531,-0.579586739,-0.175492495,-0.212443016,0.04600402035646083,0.046720230363942114,0.0011434771553395545,0.0010126402171919862
68,-0.536262089,-0.587675244,0.1405858798493505,0.13257489647616244,0.0437639429727086,0.04441878703203743,-0.023221304,-0.023697529
68.2,-0.477494226,-0.527496808,0.4415367834354824,0.463540680280692,0.03693665710064806,0.037465215557875506,-0.044282487,-0.045061473
68.4,-0.363005797,-0.405778527,0.6923028021762214,0.7419132203291938,0.026433599253709143,0.026780300720247743,-0.059627721,-0.06065725
68.60000000000001,-0.205898691,-0.236434166,0.8634929083065088,0.9350755977589663,0.013582636859432395,0.013704149434494594,-0.067547612,-0.068755603
68.8,-0.024291138,-0.038981198,0.9348346156163728,1.0201655468811646,-3.46E-05,-0.000164157,-0.067238327,-0.068520375
69,0.16076742295859106,0.16370359372606763,0.8975859110472821,0.9867931547461053,-0.012774266,-0.013156102,-0.058884592,-0.060098869
69.2,0.32773434320811035,0.3480324659099115,0.7556174619908028,0.8383215230061033,-0.023125694,-0.023729699,-0.043616296,-0.044595022
69.4,0.4570828696997037,0.4924529815699873,0.5250290103241818,0.5915525161682289,-0.029886489,-0.030648754,-0.023351991,-0.023930993
69.60000000000001,0.5335890667878567,0.5799717125119864,0.23233711800231308,0.2748381560277075,-0.032297254,-0.033124848,-0.000557754,-0.000618482
69.8,0.5481291550906127,0.6001597346732945,-0.088566153,-0.075166198,-0.030122632,-0.030906892,0.022042438424279543,0.022533713851786322
70,0.4987736243445637,0.5504021004763366,-0.400334213,-0.417740215,-0.023672544,-0.024308219,0.04176994335612879,0.04274469116677162
70.2,0.3910462721653311,0.4362408437260401,-0.666514454,-0.712837506,-0.013763761,-0.01416879,0.05628066803226658,0.05758021147708031
70.4,0.2373129999620966,0.27076574215720295,-0.855816307,-0.925774425,-0.001626909,-0.001756817,0.06381843842755411,0.06523382176403202
70.60000000000001,0.05536690700971376,0.07311873334927509,-0.945799777,-1.031316985,0.011232075993438267,0.011379267842825284,0.06341392241322161,0.06473743687648502
70.8,-0.133628841,-0.133717766,-0.925546771,-1.016683856,0.023203196323133644,0.023591749548912227,0.055009290937299775,0.05607740219473849
71,-0.307603323,-0.325593779,-0.796996291,-0.883106645,0.03275943396759232,0.03332727761868879,0.03948845825552551,0.040202541934356496
71.2,-0.446157978,-0.480014486,-0.574778534,-0.645753569,0.038639094762840685,0.03931092720378526,0.018598172948685553,0.01892239575093122
71.4,-0.532963093,-0.578782544,-0.284559195,-0.332017182,0.04000121300488689,0.04069933109617356,-0.005241213,-0.005298777
71.60000000000001,-0.557688222,-0.610148989,0.03992113660545328,0.02164129181277466,0.03653327372652917,0.03718415362941157,-0.029218996,-0.029627656
71.8,-0.517237343,-0.570217327,0.3607701278442122,0.3739300803530166,0.02849564797410837,0.029032928907056575,-0.050476676,-0.051197121
72,-0.416140437,-0.463432231,0.6403737401808817,0.6835534378270114,0.016695427898681434,0.01706114740450304,-0.066463165,-0.067449697
72.2,-0.266051346,-0.302090905,0.8458146476901286,0.9140616067075549,0.002392137575953575,0.002538891855275768,-0.075252454,-0.07644323
72.4,-0.08440694,-0.1049299,0.9527577961496106,1.0381538992492934,-0.012852458,-0.012956969,-0.075778528,-0.077081904
72.60000000000001,0.1075986289321725,0.1050505271480403,0.9483442741533726,1.0409240113650502,-0.027360512,-0.027726338,-0.067956154,-0.069240627
72.8,0.2874890592390805,0.30327190479719474,0.8327464720333231,0.9216612740423096,-0.039535708,-0.040142926,-0.052674279,-0.053774245
73,0.4341410032339918,0.46645884247505376,0.6191961094375893,0.6939879935117752,-0.048047326,-0.048841402,-0.031670111,-0.032410873
73.2,0.5302698228904542,0.575378125293326,0.3324744047250442,0.38430944602178774,-0.051979179,-0.052873037,-0.007309023,-0.007547568
73.4,0.5644722846585669,0.6171115975342765,0.006036962013543569,0.028751794560168208,-0.050927997,-0.051813016,0.017694587932568315,0.018024349900116962
73.60000000000001,0.532584402076103,0.5865940780425207,-0.321893841,-0.331056286,-0.045043199,-0.045807605,0.040578738223131856,0.04143997654843346
73.8,0.4381918152717875,0.4872321733290354,-0.612811992,-0.652865114,-0.035006591,-0.035556365,0.05882883568586285,0.0600839587340742
74,0.2922297307543178,0.3305277630702907,-0.832458459,-0.898776296,-0.021955689,-0.022231767,0.07044320958234107,0.07188820462936232
74.2,0.11171657900292735,0.1347473195638838,-0.954866444,-1.039717192,-0.007358381,-0.007344775,0.07415129651128873,0.07556827249107499
74.4,-0.082231678,-0.077208986,-0.965440249,-1.05888886,0.007149769154002794,0.007428173576945973,0.0695654674223083,0.07077085090890353
74.60000000000001,-0.266875408,-0.280489705,-0.862703509,-0.953776937,0.01995012857345306,0.02043787452469671,0.05724509707523375,0.058119020655282086
74.8,-0.420521914,-0.45121115,-0.658503962,-0.73648291,0.0296281496266885,0.030252604359826265,0.038655301656875925,0.03914464266015584
75,-0.525079261,-0.569269266,-0.376649014,-0.432332051,0.035140957188531954,0.03582435879689931,0.016012934015641758,0.016115793417619872
75.2,-0.568191708,-0.620712781,-0.050126777,-0.07691953,0.03594361597423264,0.036610965871368924,-0.007969378,-0.008227106
75.4,-0.544703774,-0.599396422,0.28276085898748266,0.2880623736475914,0.032056274078707335,0.03263906418213699,-0.030412101,-0.030993425
75.60000000000001,-0.457279158,-0.507717836,0.5828997663312458,0.6197244857278315,0.02406188435398117,0.024499463300459125,-0.048626012,-0.049489175
75.8,-0.316099746,-0.356349373,0.8149692943614681,0.8790313641238822,0.013033804862696839,0.013274879831573324,-0.060447704,-0.061538913
76,-0.137678728,-0.162994618,0.951607766125289,1.0354063868010288,0.0004025622877677753,0.00040894563001300614,-0.064505209,-0.065744667
76.2,0.057073828132518184,0.049685310131157165,0.9766465345042096,1.0703456015312944,-0.012220364,-0.012467198,-0.060377333,-0.061646773
76.4,0.24530570187168937,0.25673224162990077,0.8870277127015206,0.9796132871656603,-0.023238226,-0.02372913,-0.048627552,-0.049770019
76.60000000000001,0.4049086291615003,0.4338250196402501,0.6931792403454621,0.7737558115792582,-0.031258892,-0.03195091,-0.030714056,-0.031553852
76.80000000000001,0.5171201935219747,0.560142192647704,0.4177985214100063,0.47687627187665144,-0.035255957,-0.03607216,-0.008796894,-0.009176863
77,0.5687331136120846,0.6208143917833558,0.09319071276792265,0.12380409459276615,-0.03468368,-0.035521458,0.014525087833220393,0.014696972189241384
77.2,0.553652696040674,0.6086778700174752,-0.242528925,-0.243998206,-0.029535386,-0.030283273,0.03651039221460494,0.037227295004763745
77.4,0.47361760237025785,0.5251217532055543,-0.549919657,-0.583313646,-0.020342008,-0.020900465,0.054573000286876325,0.055724076634058026
77.60000000000001,0.33799876112569355,0.3799284963344831,-0.792857284,-0.854259314,-0.008112794,-0.00841301,0.06655896323166706,0.06795457758020158
77.80000000000001,0.16269981350253848,0.1901260843209585,-0.942787317,-1.024982496,0.005775464483113646,0.005760654347417603,0.07098169783518433,0.07240433908448922
78,-0.031711472,-0.022013022,-0.982086218,-1.075411525,0.01973068771904852,0.019986474312365124,0.06719816490010125,0.06845313275218161
78.2,-0.222420823,-0.231590279,-0.906135321,-0.999618287,0.03212521858204206,0.03260327592260466,0.05550346983055921,0.05645415145929808
78.4,-0.387049295,-0.414008571,-0.723862347,-0.806514305,0.04148459770633341,0.04211605863811285,0.037124077081081605,0.037701168966019
78.60000000000001,-0.50628322,-0.547863448,-0.456688327,-0.518797653,0.04666373678061618,0.04737177187109697,0.014097772564795693,0.014287643694278594
78.80000000000001,-0.566143056,-0.617458066,-0.136003044,-0.170278616,0.046988035616430765,0.04769673956107179,-0.010954406,-0.011132785
79,-0.559623729,-0.61464553,0.20053059011439617,0.19810279337618208,0.04233990624029362,0.042978800019757755,-0.035140438,-0.035654243
79.2,-0.4875142,-0.539782475,0.5134082863353984,0.5430951335287164,0.03317777197904863,0.03368342407474511,-0.055652466,-0.056464357
79.4,-0.358300216,-0.401682151,0.7659291951823597,0.8242219539745781,0.020483824234126043,0.02080103241371439,-0.070115495,-0.071178873
79.60000000000001,-0.187162647,-0.216573465,0.928505923847486,1.0085373599421665,0.005646915179113129,0.005731798785539464,-0.076879577,-0.078125152
79.80000000000001,0.0058100811755981835,-0.006189423,0.982134508383337,1.0744898623846755,-0.009703846,-0.009877793,-0.075214894,-0.076536196
80,0.19798417457051135,0.2047891644049264,0.9206151834443003,1.0144424592465386,-0.023892568,-0.024326284,-0.065384899,-0.066633395
80.2,0.3668389936042309,0.3916333861004409,0.7512659376623287,0.8355529528178899,-0.03539193,-0.036053432,-0.048592951,-0.049592115
80.4,0.4926093034206329,0.5324680854772365,0.4940462497317458,0.5589159681125755,-0.042996362,-0.043818297,-0.026818091,-0.027397608
80.60000000000001,0.5606004047197652,0.6108350703942036,0.179197757981255,0.21706586489405225,-0.045953769,-0.046839001,-0.002570329,-0.002610783
80.80000000000001,0.5629051746215473,0.6176163855858333,-0.156318943,-0.149857333,-0.044043198,-0.044879516,0.021398867384899805,0.021924032505057627
81,0.4993222245863206,0.5520937875126802,-0.47317054,-0.498828976,-0.037593105,-0.038273582,0.04239643756205291,0.043408040519658936
81.2,0.3773687794035469,0.42202109755834716,-0.734267544,-0.788991187,-0.027440633,-0.027883698,0.05807392249321837,0.059402713789290934
81.4,0.21138845332638323,0.2427027813365789,-0.909108961,-0.986440459,-0.014836849,-0.01500021,0.0666784894959272,0.06811019078958268
81.60000000000001,0.020860357894082457,0.03518888403216759,-0.977345731,-1.06818948,-0.001306775,-0.001190959,0.06725099494785039,0.0685797253615518
81.80000000000001,-0.171890557,-0.176200121,-0.931146508,-1.024840713,0.011523170968408634,0.011880759098230172,0.0597497769888034,0.06081795303841484
82,-0.344312459,-0.366727107,-0.776091248,-0.86166133,0.022113153484552502,0.022650182037715613,0.04507796910071319,0.04579458960890203
82.2,-0.476266932,-0.514135199,-0.530491416,-0.59793653,0.029192444587931913,0.02983461477135502,0.024999999855819757,0.025333598348008836
82.4,-0.552381494,-0.601248229,-0.223220686,-0.264682338,0.031913898413979944,0.03258500190486249,0.0019460085152858391,0.0019053793128050063
82.60000000000001,-0.563839495,-0.617971128,0.10968665883047408,0.09900912576996343,0.029959524475136133,0.030587314074400376,-0.021276759,-0.021663867
82.80000000000001,-0.509398985,-0.562457222,0.4292668968523562,0.45056186366156137,0.02358191580084753,0.024100514014991112,-0.041829661,-0.042528122
83,-0.395523343,-0.441307951,0.6981906100405737,0.7489041962729313,0.013574777415234038,0.013926026615347068,-0.057197371,-0.058164119
83.2,-0.2356105,-0.268784089,0.8851239207881529,0.9592683138188753,0.0011758405083665507,0.0013118457609780487,-0.065501283,-0.066674138
83.4,-0.048413149,-0.065123152,0.9683776627912289,1.0572401609528355,-0.012085015,-0.012196525,-0.065727474,-0.067010293
83.60000000000001,0.14416326264783905,0.1458378044443964,0.938419660791777,1.031588212951095,-0.024572,-0.024939943,-0.057839022,-0.059094171
83.80000000000001,0.3196257788084902,0.33945438330572275,0.7989597404689612,0.8855442924187109,-0.03473951,-0.035341614,-0.042761986,-0.043818357
84,0.45752177786558224,0.493154563929651,0.566485300947122,0.6363910974125871,-0.041313379,-0.0420921,-0.022254295,-0.02293669
84.2,0.5418223778526597,0.5890696984857876,0.2683056351464772,0.31340996500588403,-0.043436323,-0.044302135,0.0013158504369987318,0.0011443924154034366
84.4,0.5627836287231401,0.6161095667296566,-0.060661149,-0.045566935,-0.040762837,-0.041606444,0.025247952723140323,0.025642059696444355
84.60000000000001,0.5180698939661057,0.5712415324786116,-0.381981217,-0.398591495,-0.033495846,-0.034207346,0.04680826800859049,0.04771819222329112
84.80000000000001,0.4130101606447011,0.4598263994889906,-0.658196455,-0.704503459,-0.022363755,-0.022853234,0.06352288420806743,0.06480226108060055
85,0.25995983122074423,0.2949745144142954,-0.857190156,-0.927728297,-0.008541348,-0.008754916,0.07344269248560899,0.07488598357555608
85.2,0.07684494809654832,0.0959998591029686,-0.955917523,-1.042410716,0.006477895139877278,0.006551480973550822,0.07536122469140268,0.07675605199960049
85.4,-0.114939475,-0.113845068,-0.943069824,-1.035402888,0.021046655869108904,0.02137936785710286,0.06896465065232862,0.07013705043290874
85.60000000000001,-0.293030148,-0.31008768,-0.820362355,-0.907765544,0.03354993352707519,0.034085074918927476,0.0548913261891637,0.05573029416797219
85.80000000000001,-0.43670269,-0.469888985,-0.602303385,-0.674607855,0.04259252176328582,0.04325764344278906,0.03468313129251352,0.03514059617520343
86,-0.529281916,-0.5747,-0.314473526,-0.363293467,0.04716530448005565,0.047883383569279944,0.010622908248907794,0.010697457875135076
86.2,-0.560074622,-0.61241198,0.009478807415599685,-0.010224833,0.04676857632315464,0.04746508754933907,-0.014529056,-0.014814283
86.4,-0.525601557,-0.578751884,0.3317728958505489,0.34341533624752774,0.041474994597446094,0.04208121176599025,-0.037868574,-0.038480255
86.60000000000001,-0.42998696,-0.477762565,0.6149011662221546,0.6564673390935987,0.03192254829336889,0.03237702148086283,-0.05670558,-0.057603886
86.80000000000001,-0.284462662,-0.32131444,0.8259914050888186,0.8925820522045871,0.019237653012251,0.019488172256857856,-0.068896549,-0.070026552
87,-0.106046643,-0.127707884,0.9406188865060763,1.024436441393852,0.004898317306757643,0.004906369718018011,-0.073104151,-0.074381581
87.2,0.08444812921165287,0.08046866937141643,0.9456266498322294,1.0368889840918891,-0.009444275,-0.009696459,-0.068949105,-0.070249755
87.4,0.26484152832281593,0.2789741614620928,0.8406293850885814,0.9287115742145152,-0.02216218,-0.022663553,-0.057036981,-0.058198836
87.60000000000001,0.41416755568187597,0.4447362476407679,0.6380301408161557,0.7127005024940317,-0.031840033,-0.032545112,-0.038862768,-0.039709152
87.80000000000001,0.5151089913094601,0.5585308536751624,0.36155118289220506,0.41415908854700373,-0.037434764,-0.038264335,-0.016615115,-0.016992504
88,0.5560027605738569,0.6072083973150586,0.04345480755019235,0.06793033806853477,-0.038388763,-0.039239062,0.007087846987463755,0.007264261337854473
88.2,0.5321845283722003,0.5852098636737006,-0.27922157,-0.285668944,-0.0346864,-0.035446345,0.029494787366976045,0.03021077262906827
88.4,0.4465177151295961,0.4951983337927139,-0.568975644,-0.605540528,-0.026850651,-0.027422283,0.0480196050730711,0.049160092205275736
88.60000000000001,0.3090474469967118,0.3477346516270744,-0.792194964,-0.854577373,-0.015881814,-0.016198263,0.060518395586792346,0.061894587854099924
88.80000000000001,0.13582152325745667,0.16003697693250168,-0.923050765,-1.00396279,-0.003144727,-0.003180166,0.06552437081088953,0.06692344824998685
89,-0.052983006,-0.046029848,-0.946481154,-1.036498335,0.009785228384483074,0.010015725450433121,0.06242150770375583,0.06365441434357988
89.2,-0.235409339,-0.246500471,-0.859919509,-0.948578223,0.021302809048337396,0.02175165822431685,0.05153398791436812,0.052467872574286895
89.4,-0.39027224,-0.418094061,-0.673570288,-0.750583045,0.02996141016849041,0.030560904092235535,0.03411233171420789,0.03467848321717802
89.60000000000001,-0.499615986,-0.540915269,-0.40920417,-0.465651508,0.03464749286960777,0.0353217731161573,0.012206111453949212,0.012388449339970601
89.80000000000001,-0.550793396,-0.600757783,-0.097614207,-0.126976034,0.03471864332198545,0.03539215986994131,-0.011569772,-0.011755442
90,-0.537925992,-0.590744529,0.2249693763702571,0.2260621994078023,0.030086208198430074,0.030688278558113485,-0.034349783,-0.034872834
90.2,-0.462576966,-0.512115418,0.5210884674407797,0.5524689104819921,0.021230267190150753,0.021697082981380685,-0.053371903,-0.054194368
90.4,-0.333560293,-0.374072835,0.7564020570717062,0.8143919206597009,0.009143901992944427,0.009420308706197415,-0.06632206,-0.067393598
90.60000000000001,-0.165909343,-0.192704173,0.9036638266727611,0.9815049415744428,-0.004786321,-0.00474315,-0.071619908,-0.072865322
90.80000000000001,0.020874172023054943,0.010892318665032003,0.9458717347849085,1.0345133981777237,-0.018947759,-0.019162034,-0.068606666,-0.069913405
91,0.20508713705343737,0.21306016158876975,0.878227015850513,0.9673772917275615,-0.031694766,-0.032164123,-0.05761154,-0.058827458
91.2,0.36534463313263693,0.3903309383115551,0.7086770400632344,0.7879960979314978,-0.04154245,-0.042231288,-0.039893243,-0.040842679
91.4,0.48306001473058585,0.5221458000409076,0.4569803521709439,0.5172795076977393,-0.047337417,-0.048175449,-0.017472605,-0.017990687
91.60000000000001,0.5445978341453352,0.5932369135694467,0.15240621048609382,0.18670905244593106,-0.048386596,-0.049275217,0.0071139311952845286,0.0071374820854040195
91.80000000000001,0.5428513650232334,0.5953934254505878,-0.169667084,-0.165318192,-0.044531738,-0.045359137,0.03110465930955004,0.03168761077498578
92,0.4780617850487431,0.528408105877054,-0.471857299,-0.497945446,-0.036164343,-0.036825493,0.05181347293060959,0.05287061672543675
92.2,0.35778515931621696,0.40009577043026545,-0.719112596,-0.772592903,-0.024181443,-0.024597498,0.06691650124728275,0.06827665853157992
92.4,0.19601162051130225,0.22538195782996617,-0.882772404,-0.957427461,-0.009887372,-0.010018722,0.07470231354193495,0.0761531595408755
92.60000000000001,0.011539455828143171,0.02456815042067781,-0.943885645,-1.031047649,0.005149334959537189,0.005300007255410608,0.0742671809376558,0.07560581776248987
92.80000000000001,-0.174207574,-0.179025193,-0.895402888,-0.984958507,0.01927078474227873,0.019664551828749644,0.06563332575925174,0.0667051527875777
93,-0.339665714,-0.361764153,-0.742987707,-0.824550717,0.030918727315345715,0.031492155753305426,0.04976936004589056,0.05048458603540066
93.2,-0.465632374,-0.502442289,-0.504356383,-0.568470142,0.03881664711246337,0.03949446290223457,0.028499320701234676,0.028826864311603338
93.4,-0.53749266,-0.584739245,-0.207220469,-0.246453456,0.042122428068758065,0.04282748108097802,0.004301114663764678,0.0042496337684451175
93.60000000000001,-0.54691349,-0.599112342,0.11392742771375985,0.10412144921626004,0.04053113036679053,0.041190286070295797,-0.019986023,-0.020387878
93.80000000000001,-0.492809272,-0.543902329,0.42181359288620995,0.4425690642424243,0.03431310725648639,0.03485988936449253,-0.041508314,-0.042223358
94,-0.381467165,-0.425525065,0.6807050143149094,0.7296130664735754,0.024281254482764247,0.024657452609990565,-0.057750851,-0.058732767
94.2,-0.225817525,-0.257727034,0.8605524311619579,0.9319401878334793,0.011691116030727401,0.011849474406977265,-0.066847718,-0.06803077
94.4,-0.043933908,-0.059990887,0.9404757217079758,1.026062944818749,-0.001913016,-0.00200349,-0.067805539,-0.069091046
94.60000000000001,0.14306339381468772,0.14472430199296973,0.9111863687577826,1.0010449038822975,-0.014885445,-0.01523208,-0.060611083,-0.061861001
94.80000000000001,0.3134576416083695,0.3326463156486168,0.7760676209851106,0.8597712236435172,-0.025675334,-0.026254457,-0.04621282,-0.047258396
95,0.4474558714595439,0.48194812966707345,0.550784959743024,0.6186189802354949,-0.033007317,-0.033760715,-0.026386019,-0.02705658
95.2,0.5294862736899133,0.5752813312306881,0.2614737194464146,0.30556033351755163,-0.036025604,-0.036864077,-0.003507918,-0.003671959
95.4,0.5500072057656794,0.6017910370500443,-0.058289664,-0.043076562,-0.034386931,-0.035202518,0.019722850085277997,0.02011588491805849
95.60000000000001,0.5066169742429478,0.5583782500523872,-0.371380056,-0.386818931,-0.028294833,-0.028979532,0.040587318871029586,0.04148601300511355
95.80000000000001,0.4043357235996393,0.45006300428416707,-0.641430411,-0.685743423,-0.018474004,-0.018939896,0.05663988472679983,0.057898744735212455
96,0.2550260855013976,0.2894055004193905,-0.837052945,-0.90511005,-0.006088602,-0.006283407,0.0659719229373558,0.06738798236068241
96.2,0.0760191875463177,0.09505166112742265,-0.93548597,-1.019397708,0.00738755067518441,0.00747401080046451,0.06742595477077287,0.06878947522101046
96.4,-0.111894748,-0.110428438,-0.925242227,-1.015272649,0.02033696847145606,0.020676015598625672,0.060739810630148786,0.061878611886151395
96.60000000000001,-0.286879646,-0.303159744,-0.807451039,-0.893146643,0.031184503152460553,0.0317190952350263,0.046599266707731776,0.047402972140177496
96.80000000000001,-0.428588961,-0.460734403,-0.595736414,-0.667138893,0.03858329356735309,0.03924066893127043,0.026582537586026203,0.027003487796702915
97,-0.520530869,-0.564816023,-0.314645094,-0.363447848,0.04157825229728552,0.0422811941013256,0.002992327719898712,0.003029513324491289
97.2,-0.551987343,-0.603273151,0.003195708917377013,-0.017318548,0.03972572995245598,0.04039960434318983,-0.021411124,-0.021733651
97.4,-0.519264195,-0.571593923,0.32086196987515925,0.331043614598387,0.033152325850765024,0.03372865317638288,-0.043744618,-0.044391146
97.60000000000001,-0.426126102,-0.473416717,0.6014196520676323,0.6411397894396133,0.022543799367601865,0.022961839101041475,-0.061358437,-0.062286798
97.80000000000001,-0.283365224,-0.320114197,0.8122170460890127,0.8768841601908106,0.009064576844689129,0.00927341610004208,-0.072165546,-0.073317441
98,-0.107552574,-0.129478058,0.928684682365448,1.010802592495941,-0.005781798,-0.0058188,-0.074895966,-0.076184999
98.2,0.08088357667478144,0.07634374843775665,0.9371998102312462,1.0272357012185265,-0.020332696,-0.020631079,-0.069242966,-0.070543263
98.4,0.2600299148677043,0.2734184761381931,0.8366822957947928,0.9241720656628015,-0.032963229,-0.033509519,-0.055883467,-0.057033147
98.60000000000001,0.4090354689959621,0.43881032346413806,0.6387334071893175,0.7134978610056294,-0.042274742,-0.043021235,-0.036376861,-0.037200633
98.80000000000001,0.5105380840754129,0.5532494494706015,0.3663006825715208,0.41962920750672916,-0.047252639,-0.048118227,-0.012964121,-0.013310707
99,0.5526879513633756,0.6033774439283013,0.05102098435149309,0.07668655612313191,-0.047376689,-0.048256317,0.011700307830300512,0.01191232296338033
99.2,0.5305319691057607,0.5833077191198289,-0.270450609,-0.275463666,-0.042674129,-0.043456031,0.03484677472871925,0.03560037489015794
99.4,0.4465972399862341,0.49531837830745784,-0.560700634,-0.595841324,-0.033712599,-0.034298754,0.05388940688605893,0.055066049713832145
99.60000000000001,0.31060466315188034,0.3495957644356962,-0.785910954,-0.847120768,-0.02153532,-0.021859456,0.06670099212792872,0.06810905583556266
99.80000000000001,0.13834482471738663,0.16305710386428018,-0.919799576,-0.999980452,-0.007545341,-0.007582718,0.07184446470450967,0.07326879378301718
100,-0.050153889,-0.042611689,-0.946689583,-1.036525983,0.006650593457256422,0.006883385834419532,0.06874166701946367,0.06999152928432081
100.2,-0.232953258,-0.243476053,-0.863347799,-0.952388159,0.019423803228608198,0.019877508706681778,0.05775728198110103,0.05870007826317495
100.4,-0.38875784,-0.41613764,-0.67937563,-0.757248505,0.02931218489901646,0.029917602369525193,0.04017987390314242,0.04074815343051388
100.60000000000001,-0.499396155,-0.540460182,-0.416106565,-0.473728725,0.035193657641735446,0.035873818986806895,0.018089836499552352,0.018270176049165286
100.80000000000001,-0.551940787,-0.601918637,-0.104135288,-0.134771155,0.0364224084605724,0.03710126438878485,-0.00587779,-0.006066419
101,-0.540220232,-0.593297697,0.22023629271076822,0.22018604855776497,0.03290915420154202,0.03351611197415477,-0.02885018,-0.029374235
101.2,-0.465545213,-0.515540525,0.5192222470761099,0.5497969578950352,0.02513345031616095,0.02560538088243061,-0.04807144,-0.048890343
101.4,-0.336563978,-0.377647804,0.757954609364838,0.8156243210075239,0.014085390254161435,0.01436819091254526,-0.061245696,-0.062307813
101.60000000000001,-0.168262131,-0.195637512,0.9085514746633919,0.986623298646638,0.0011439232774055935,0.001196027272993908,-0.066820061,-0.068049569
101.80000000000001,0.019777360322628654,0.009314584922174456,0.9533752778039053,1.0427699085769404,-0.012091979,-0.012293539,-0.064168038,-0.065453074
102,0.20565237158751645,0.21333805139232045,0.8871015702482739,0.9774087858095383,-0.023996865,-0.024448687,-0.053650851,-0.054840465
102.2,0.3676925675484298,0.39264783681013393,0.7173545492579982,0.7980443504103883,-0.033111948,-0.033777671,-0.036553416,-0.037473822
102.4,0.48698698131860857,0.5263181731421831,0.4638315632700237,0.5254847466380589,-0.038314179,-0.039123192,-0.014912023,-0.015400645
102.60000000000001,0.5495916328871151,0.5987256069953585,0.15602059113519387,0.1914271584074626,-0.038942519,-0.039796439,0.008735964914224334,0.00878637924196345
102.80000000000001,0.5481610349522037,0.6013766471629514,-0.170229126,-0.165225733,-0.03486931,-0.035657165,0.03164433116765168,0.03224829799264499
103,0.48281147316906664,0.5339056975006629,-0.476882441,-0.502896254,-0.026511889,-0.027130179,0.05115885645391804,0.052227595928246724
103.2,0.36111466891862715,0.40412585282462693,-0.728153735,-0.782180072,-0.014785271,-0.015157336,0.06500183303215303,0.0663613599710174
103.4,0.1972215299948271,0.22712531517303325,-0.89468487,-0.970446998,-0.001001387,-0.001090228,0.07151880466535866,0.07295542392905122
103.60000000000001,0.010217273768978075,0.023513910539777937,-0.956977969,-1.045655921,0.013275730158233098,0.013464758290507625,0.06986926674247623,0.0711808664468177
103.80000000000001,-0.178101004,-0.182976571,-0.907681162,-0.998938195,0.02640553382797994,0.026831201289186982,0.060139806781238,0.06117472523988931
104,-0.345765547,-0.368259084,-0.752458236,-0.835646566,0.036859664576500605,0.037456948913102,0.04335913887196779,0.044031687383632806
104.2,-0.473201443,-0.510702082,-0.509340155,-0.574743876,0.043402624247612424,0.044095564346310456,0.021401645763900017,0.021685112914023558
104.4,-0.545513205,-0.593656265,-0.206631937,-0.246601844,0.04524199494432767,0.04595351485693792,-0.003219132,-0.003312684
104.60000000000001,-0.554227299,-0.607402224,0.12038313043544294,0.11053356147860939,0.0421278474009861,0.042785435680189166,-0.027646961,-0.028086847
104.80000000000001,-0.498286287,-0.550290621,0.43355673903951647,0.45500112774520973,0.034386889641282836,0.034924973230288925,-0.049031767,-0.049780186
105,-0.384177996,-0.428941111,0.6963274425568897,0.7465862392066926,0.022885561947461094,0.02324682382223605,-0.064882845,-0.06589371
105.2,-0.225183679,-0.257475827,0.8779916307006194,0.9512180571829405,0.008926263066961109,0.009064317654319615,-0.073376248,-0.074584159
105.4,-0.039832394,-0.055876086,0.9572931207197964,1.044953766037376,-0.005909625,-0.006024956,-0.073573356,-0.074879429
105.60000000000001,0.15025879670193804,0.1523464916347265,0.9249130910465954,1.0167823004679426,-0.019951008,-0.020326079,-0.065521888,-0.066786731
105.80000000000001,0.3229066610204602,0.3428928432393497,0.7845670808645093,0.8699195349795634,-0.03163385,-0.032243675,-0.050230135,-0.051283091
106,0.4579519523632647,0.4935134289085203,0.5525791129844105,0.6214446679175156,-0.039680865,-0.040465583,-0.029525318,-0.030194471
106.2,0.5396141367298654,0.5866076524759056,0.255984413493012,0.3003114757948089,-0.043243515,-0.04411208,-0.005823799,-0.005977143
106.4,0.5583369356623311,0.6112818611463174,-0.070622648,-0.056024296,-0.041992063,-0.042834869,0.0181524455706377,0.018562855545054345
106.60000000000001,0.511907497493925,0.5646251942169545,-0.389124661,-0.405975706,-0.036146644,-0.036854759,0.0396768043924093,0.04059540192918377
106.80000000000001,0.4057185716130741,0.45205378019417175,-0.662332137,-0.708680014,-0.02644864,-0.026934124,0.05631014502592823,0.05758647151395589
107,0.2521423749555183,0.28668229403305734,-0.858327775,-0.928773225,-0.014076428,-0.014287958,0.0661614261829261,0.06758821846402073
107.2,0.06908880676888254,0.08779579148742982,-0.954197751,-1.04052384,-0.000513728,-0.000442648,0.0680981911695536,0.06946444561143493
107.4,-0.12208374,-0.121399873,-0.938712393,-1.030843082,0.012617523391857548,0.012941021952705594,0.06188708937045606,0.06302154444574641
107.60000000000001,-0.29906164,-0.316486917,-0.813642704,-0.900819941,0.02374351398402666,0.024261218297747786,0.048242101412445434,0.04903759393280548
107.80000000000001,-0.44118146,-0.474686955,-0.593558221,-0.665598931,0.03152391763217162,0.03216270471497801,0.02876463325990121,0.02917708472729385
108,-0.531843723,-0.577521836,-0.304129739,-0.352615431,0.03501395344451028,0.03569677774545912,0.005771013882029436,0.005801913444278649
108.2,-0.560452781,-0.61297312,0.020866543925504716,0.0016050040191015191,0.03378169438155402,0.03443460756826457,-0.017978376,-0.018303001
108.4,-0.523655748,-0.576887437,0.3434922477550224,0.3557115061626254,0.02796397387140744,0.028519315384843803,-0.039615637,-0.040260346
108.60000000000001,-0.425735752,-0.473463454,0.6260777345792061,0.6683573311483895,0.018252124651436143,0.01864996880544161,-0.056522125,-0.05744435
108.80000000000001,-0.278113214,-0.314763221,0.8356227011486067,0.9030299979790564,0.005808581680602268,0.005998842991301218,-0.06665472,-0.06779666
109,-0.098013401,-0.11930483,0.9476513462300866,1.0323178223589429,-0.007874815,-0.007927923,-0.068795764,-0.0700697
109.2,0.09354442254349213,0.09009936118539816,0.949073009429838,1.0411129426749006,-0.021157895,-0.021468712,-0.062692507,-0.063970964
109.4,0.2742011660297187,0.28900636234978483,0.8397121184915421,0.9283776469327675,-0.032448621,-0.033002163,-0.049070756,-0.050190083
109.60000000000001,0.4228687133722705,0.4541968043893357,0.63232986524157,0.7072663116780304,-0.040389931,-0.041136643,-0.029527446,-0.030311476
109.80000000000001,0.5221927090475215,0.5663867933009276,0.3511335856244148,0.40359017032228967,-0.044014785,-0.044871891,-0.006325193,-0.006625123
110,0.5605788675508524,0.6124796351227163,0.02895009816616477,0.05280154120896122,-0.042853091,-0.043714584,0.01787759005527124,0.018138456889821422
110.2,0.5335468491630304,0.5870951526821941,-0.296608564,-0.304146681,-0.036981219,-0.037735603,0.040325084904829105,0.04112230908671758
110.4,0.4442531476167808,0.4931977137778336,-0.587538278,-0.625583959,-0.027011551,-0.027562588,0.05846109156425053,0.059669172631331716
110.60000000000001,0.3031220726070761,0.341749590105294,-0.809880687,-0.873989305,-0.014024723,-0.014309059,0.07020161185433771,0.07162447167148761
110.80000000000001,0.1266280283531005,0.15043033789703733,-0.937688593,-1.020372285,0.0005485698218163568,0.0005521873337154303,0.07416352371696745,0.07558522328424389
111,-0.064628458,-0.058428136,-0.95605435,-1.047657359,0.015085519385534948,0.015357337865563089,0.06982991842478624,0.0710633897779856
111.2,-0.248326269,-0.260449332,-0.86284885,-0.952675699,0.027954038559798187,0.028442544987734714,0.057630012839903585,0.058547924396759876
111.4,-0.403029759,-0.432058422,-0.668967389,-0.746532639,0.03770139404664903,0.03833625391696174,0.03891466341987516,0.03945502448197934
111.60000000000001,-0.510690637,-0.553233993,-0.39705501,-0.453307033,0.04322661813858088,0.043930687581662825,0.015818357378819998,0.015971769825328705
111.80000000000001,-0.558754062,-0.609844417,-0.078859624,-0.107237355,0.04391452615224238,0.04461213924365754,-0.008983664,-0.009196764
112,-0.541622711,-0.595295956,0.24847658327478983,0.25127831376957344,0.039712732027478104,0.04033380972677526,-0.032596618,-0.033142708
112.2,-0.461308316,-0.511300449,0.5467543944308488,0.580400057599626,0.03114009233813132,0.03162187709925124,-0.052262601,-0.053102262
112.4,-0.327194787,-0.367673209,0.7811767062710672,0.8417304929623542,0.019224464198203863,0.0195130455323523,-0.065702678,-0.066784837
112.60000000000001,-0.154940983,-0.181185135,0.9244085300840637,1.0047955020366957,0.005377589255497697,0.005431571291773156,-0.071395919,-0.07264421
112.80000000000001,0.03534854616872679,0.026396643732060465,0.9597646923672546,1.0505978794676278,-0.008776184,-0.008979341,-0.068756885,-0.070057424
113,0.22147097426563145,0.23085046874269655,0.8831527910787874,0.9738301017588009,-0.021594567,-0.022050531,-0.058189978,-0.059389117
113.2,0.38171630256724076,0.4083270977422683,0.7035461751178875,0.7834871235118708,-0.031610222,-0.03228124,-0.041018792,-0.041940924
113.4,0.4974005610028266,0.5381325050224554,0.4419304484733149,0.5018129492387652,-0.037698399,-0.038512251,-0.019308731,-0.019791432
113.60000000000001,0.5550439997408277,0.6051407920477708,0.12885050005303939,0.1616969183273515,-0.039200947,-0.040058004,0.004386322147537495,0.004447107063779863
113.80000000000001,0.547941671036077,0.6015564744432336,-0.199157386,-0.197167662,-0.03599507,-0.036783958,0.02731694894603374,0.02793063678026783
114,0.4769428292343717,0.5278208595166894,-0.503831002,-0.532916969,-0.028502318,-0.029120223,0.046838394420086756,0.04791080417630203
114.2,0.3503486729437266,0.392557067012605,-0.749646122,-0.806401612,-0.017638892,-0.018010754,0.06069344069330173,0.06204716628445056
114.4,0.18294088870354708,0.21156060961727696,-0.907958875,-0.985751948,-0.004712885,-0.004803661,0.06725699753961688,0.06867824085532014
114.60000000000001,-0.005745133,0.005953909464626289,-0.960342981,-1.050091451,0.008722040441348576,0.008905307038328276,0.06572393059713331,0.06701330461723745
114.80000000000001,-0.193700637,-0.200279438,-0.900733583,-0.991965658,0.021043054496192166,0.021458177482244614,0.05621813350842475,0.057228184570125046
115,-0.359011201,-0.383092969,-0.736127759,-0.818204671,0.030746741451741062,0.03132857570197106,0.03980236091824145,0.040451165359172064
115.2,-0.482411881,-0.52118126,-0.485761932,-0.549118227,0.03662854063633064,0.03730158713977139,0.018375875999321452,0.01863890252529557
115.4,-0.549532219,-0.59846274,-0.178862216,-0.216120315,0.03793056551991325,0.038618471746543585,-0.0055375,-0.005647889
115.60000000000001,-0.552569278,-0.605952058,0.1487686686881569,0.14193943525596622,0.03443767872731215,0.035068580288256095,-0.029089666,-0.02954359
115.80000000000001,-0.491194085,-0.542804061,0.4589289361258082,0.48330933319028013,0.026507785174787423,0.027016576209959262,-0.04945832,-0.050218796
116,-0.372586266,-0.416408188,0.7154724276665685,0.7682045046100343,0.015031124200783806,0.015360892098126782,-0.064198414,-0.065219137
116.2,-0.210593416,-0.241522921,0.8885207179030365,0.9634434743012158,0.0013233300704229341,0.0014282892854763926,-0.071545077,-0.072758664
116.4,-0.024113668,-0.038551709,0.957942276399069,1.046311821015257,-0.013033608,-0.013182481,-0.07062565,-0.071929862
116.60000000000001,0.16510945272590413,0.1688379994141309,0.9156931862785441,1.0072034936680558,-0.026381256,-0.026788427,-0.061553374,-0.062805098
116.80000000000001,0.3350224966131633,0.3564747383271497,0.7667477317281988,0.8507325328933733,-0.037180714,-0.037818693,-0.045394683,-0.046421123
117,0.46583235094376907,0.5025001211232035,0.5285112625691079,0.5951878404050881,-0.044190264,-0.044996495,-0.024022327,-0.024652064
117.2,0.5423115389294731,0.5899150341101059,0.22878498896777688,0.2703930976934591,-0.046604489,-0.047485746,0.00011770145951713051,1.2169096010590779e-05
117.4,0.5555702327120556,0.6085576265931412,-0.097478988,-0.085774642,-0.044141018,-0.044986697,0.02429063829712575,0.02475021130566191
117.60000000000001,0.5040889159076202,0.556283892173998,-0.412254248,-0.431802233,-0.037068245,-0.037769897,0.045773633382090735,0.04673527064162676
117.80000000000001,0.3938917207621782,0.4392134151743061,-0.67887191,-0.727378947,-0.026173487,-0.026645013,0.062146737864827,0.06345426469823844
118,0.23784083833636824,0.2710122018992317,-0.866291553,-0.93809212,-0.012675818,-0.01286852,0.0715517812544607,0.07299602966836606
118.2,0.054134746852136456,0.07129682914347504,-0.952714055,-1.039432343,0.0019080964703462547,0.0020002227736318065,0.07290051610947909,0.07427194081966929
118.4,-0.135814244,-0.136653618,-0.928115654,-1.019642827,0.015933056394265878,0.016277711859372573,0.06601138021928438,0.06714248425227295
118.60000000000001,-0.309875911,-0.328611059,-0.795409247,-0.881082118,0.027812683500144746,0.028350366024807193,0.051652656491841024,0.05244029529757123
118.80000000000001,-0.447779998,-0.482220906,-0.5700982,-0.63994132,0.036204693690935166,0.036861696047258835,0.03147644297593905,0.031879466103427664
119,-0.533476306,-0.579604766,-0.278464565,-0.324350838,0.04017161113722319,0.04087074816939401,0.007840059346989139,0.007861463603150622
119.2,-0.557002134,-0.609440626,0.045497586294398304,0.0289010758515858,0.03929562460234726,0.03996296977939149,-0.016469639,-0.016803571
119.4,-0.51563975,-0.568278348,0.364044405298912,0.37865716514299347,0.03373128124378123,0.034299207955381696,-0.038575464,-0.039229327
119.60000000000001,-0.414229696,-0.460937901,0.6400792135119717,0.6841857520656236,0.02418775291649617,0.02459639805215176,-0.055866562,-0.056797364
119.80000000000001,-0.264603815,-0.299944424,0.84147184825512,0.9099231988176579,0.01184225573025823,0.012041770212564593,-0.066321968,-0.06747047
120,-0.084204531,-0.10406635,0.9447971574381083,1.0296124390486776,-0.001804069,-0.001848852,-0.068755709,-0.070031926
120.2,0.10594856721575345,0.10387265717407508,0.9380587220579141,1.0293554119553232,-0.015108547,-0.015410871,-0.062950276,-0.064224445
120.4,0.283707631893218,0.29965289522450755,0.8220801934610008,0.9092257861134029,-0.026483528,-0.027026951,-0.049664257,-0.050771608
120.60000000000001,0.4283757090240437,0.46047905832509267,0.6104042461931136,0.683253789169043,-0.034582216,-0.035315727,-0.030519811,-0.031285375
120.80000000000001,0.5231161331977153,0.5676339642619527,0.3277100922106027,0.37778777777390316,-0.038451821,-0.03929168,-0.007793734,-0.008072447
121,0.5569111641051158,0.6086559361177614,0.006936770248206055,0.028420629628481187,-0.037638059,-0.038478245,0.015854326749025777,0.016133607943625176
121.2,0.525842783811982,0.5787874189904392,-0.314554981,-0.324156236,-0.03223201,-0.032962151,0.03768077981938807,0.03848817907273333
121.4,0.4335463952594975,0.4815261683930214,-0.599333239,-0.638891542,-0.022857001,-0.023382905,0.055154735244721045,0.05636113194357444
121.60000000000001,0.2907851015443619,0.328215307709781,-0.814252274,-0.879152711,-0.010598341,-0.01085913,0.06622925176401577,0.06763815645118093
121.80000000000001,0.11419452587939587,0.1367203218843591,-0.934308882,-1.016988561,0.0031169971035784373,0.0031403188496658065,0.06956764855731656,0.07096544138971576
122,-0.075655567,-0.070652702,-0.945550478,-1.036379312,0.016679843903505687,0.016965891100978264,0.0647048994175367,0.06590840861891394
122.2,-0.256656993,-0.269754964,-0.846695381,-0.935097996,0.028482224378862636,0.02897870895307138,0.05212213736812792,0.05300786687923339
122.4,-0.407737064,-0.437406607,-0.649278257,-0.724965117,0.037105384842547565,0.037741784284176204,0.03321577324269732,0.03372428536760791
122.60000000000001,-0.511311372,-0.554094637,-0.376304435,-0.4304684,0.04149026343806633,0.042189669877391305,0.010153102717734412,0.01027630487906647
122.80000000000001,-0.555329918,-0.606243408,-0.05956887,-0.085910131,0.041068444628155884,0.04175549050083574,-0.014375543,-0.01461748
123,-0.534678487,-0.587793445,0.2640463600926951,0.2685879484643485,0.035835278892608166,0.036440180611255715,-0.037481005,-0.038054405
123.2,-0.451772515,-0.500905164,0.5568658621296604,0.5917554574258961,0.02635416084374702,0.02681445680469552,-0.056431534,-0.057296865
123.4,-0.316274448,-0.355705771,0.7848061138268168,0.8459767980301014,0.013690386171372401,0.013952653107819301,-0.068992365,-0.070096708
123.60000000000001,-0.143967719,-0.169108941,0.9213414164406584,1.0016685049641678,-0.000717078,-0.000693301,-0.073699514,-0.074964001
123.80000000000001,0.04508152589568559,0.03715505762422154,0.950590095041722,1.040720503235445,-0.015228804,-0.015464543,-0.070030938,-0.071338467
124,0.22886076569465258,0.23906949380306158,0.8691609463095561,0.9586022047194636,-0.028200168,-0.028688967,-0.058453946,-0.059648425
124.2,0.38597365025107455,0.4131269412807345,0.6865463842129829,0.7648875327642783,-0.0381735,-0.038875235,-0.040348374,-0.041253963
124.4,0.49813058431759144,0.539065618195218,0.4240157210893156,0.48213947068661744,-0.044043908,-0.044884109,-0.017824576,-0.018280613
124.60000000000001,0.5522772413646733,0.6022273665918559,0.11213889765219141,0.14328152341503764,-0.045180671,-0.046058114,0.0065331140809356605,0.0066259479993818985
124.80000000000001,0.5421137343108108,0.5952633443370912,-0.212772725,-0.212234253,-0.04149296,-0.042295718,0.029960442107639877,0.0306063852843482
125,0.4688274110666023,0.5189888684259149,-0.512892965,-0.543019455,-0.033435669,-0.034061394,0.049813707899928526,0.050913559967796646
125.2,0.3409541827440051,0.38228802255900174,-0.75328356,-0.810566638,-0.021956629,-0.022331588,0.06385141682798245,0.06522464959658018
125.4,0.17338453747330354,0.20107913578074216,-0.905960531,-0.983731151,-0.008391132,-0.00848194,0.07047665357289727,0.0719090831408139
125.60000000000001,-0.014369931,-0.003538404,-0.953151091,-1.042355776,0.005686576800695289,0.005871269168413213,0.06892155933075368,0.07021471990332086
125.80000000000001,-0.200448153,-0.207740443,-0.889362511,-0.979616891,0.01864104231970088,0.019057799506644376,0.059351436986475305,0.06036025335493449
126,-0.363184239,-0.387751324,-0.722021006,-0.802818879,0.028964468474005772,0.029547372789003493,0.04286914499158752,0.043513690172158594
126.2,-0.483629738,-0.522611639,-0.470608202,-0.532543444,0.03545531672495611,0.036128406509394084,0.021406860387680516,0.021664243767378997
126.4,-0.547759649,-0.596618235,-0.164393311,-0.200255175,0.037364161389538214,0.038050955142857966,-0.002490712,-0.002606924
126.60000000000001,-0.548105256,-0.601152404,0.16097315929278827,0.15536087572491364,0.03448702721730524,0.03511568100149102,-0.025969766,-0.026429062
126.80000000000001,-0.484623993,-0.535683635,0.46760909756460917,0.49290170218515444,0.02719249475402239,0.02769812665697618,-0.046218486,-0.046982474
127,-0.36470484,-0.407831895,0.7198106523974789,0.7730656694988265,0.016377888593848415,0.016704079190369734,-0.060816799,-0.061837907
127.2,-0.202308625,-0.23248107,0.8882085097821523,0.9632281817684012,0.0033597553666577977,0.003461554726133678,-0.068035824,-0.069244403
127.4,-0.016343116,-0.030046748,0.9531880301505274,1.041239999747036,-0.010286858,-0.010437199,-0.067044501,-0.068336543
127.60000000000001,0.17153787451440164,0.17590017224963703,0.9071735719060261,0.998007275517637,-0.022918867,-0.023324246,-0.05799755,-0.059228758
127.80000000000001,0.3394554357203742,0.36137751574981414,0.7555122656027774,0.8385517164637257,-0.033020516,-0.033651779,-0.041997031,-0.042995139
128,0.46785309979553236,0.5047841154212445,0.5158529235810184,0.5814286886251746,-0.039379379,-0.040172645,-0.020940849,-0.021537003
128.20000000000002,0.5417741338121741,0.5894153562872442,0.21609350649152986,0.2565676155563684,-0.04122303,-0.042084454,0.0027135621792517923,0.002642238901702911
128.4,0.5526038776900892,0.6054088537121455,-0.108865769,-0.098210173,-0.03830286,-0.039122247,0.026235349062200142,0.026724379710348134
128.6,0.49907379479567116,0.5508938907707155,-0.421184966,-0.441593603,-0.030918664,-0.031589025,0.046921264290069944,0.04790271459482014
128.8,0.3874103242823917,0.4322105845069596,-0.684490138,-0.733591508,-0.019883744,-0.020321254,0.06238568678523552,0.063700391155534
129,0.23061103555605467,0.26317296331985873,-0.868108924,-0.940189964,-0.006434991,-0.006593558,0.07081734570923712,0.0722557715578587
129.20000000000002,0.04693221298119217,0.06346157481137851,-0.950643501,-1.037314219,0.007903481642285558,0.008027396928783001,0.07118407332723291,0.07253835051672636
129.4,-0.142236432,-0.143667394,-0.922464923,-1.013633992,0.021490761467138242,0.02186292917473682,0.06336472470504134,0.06447075060794889
129.6,-0.314862194,-0.334089886,-0.786836148,-0.871886629,0.03275681377887944,0.0333164879789046,0.04818666541058311,0.048944666953021625
129.8,-0.450835345,-0.485623441,-0.559535568,-0.628560536,0.04038685294709121,0.04105970214616791,0.02735342357203858,0.02772519015890011
130,-0.534311733,-0.58061113,-0.267021935,-0.311978608,0.04347993555199273,0.04418867501521624,0.003260424885438923,0.0032508643105787728
130.20000000000002,-0.55555906,-0.607979015,0.05664457964021016,0.040997858520485805,0.041660697878090264,0.04233156868750329,-0.021285044,-0.021648645
130.4,-0.512091814,-0.564527481,0.3737678169030123,0.38926017954047853,0.03512824812567884,0.03569395850116685,-0.043405235,-0.044086684
130.6,-0.408962349,-0.455305687,0.647405599592185,0.6922394020326357,0.024634456441127387,0.025035626644949578,-0.060508193,-0.061463894
130.8,-0.258174047,-0.293025279,0.845672779828795,0.914632276235971,0.011393722913419302,0.011581152350191071,-0.070608564,-0.071777917
131,-0.077284583,-0.096581412,0.9454571066498034,1.0305146588686953,-0.003064021,-0.003124528,-0.072567708,-0.0738592
131.20000000000002,0.11263805246144772,0.11114690960493634,0.9351135018356131,1.0263641587855565,-0.017077444,-0.017397844,-0.0662211,-0.067503225
131.4,0.2894691211738971,0.30596120898577706,0.8158240904162769,0.9026383442784021,-0.029050858,-0.029613097,-0.052379416,-0.053486077
131.6,0.4326045629290185,0.46516227832181906,0.601463357053593,0.6737264280234639,-0.037639248,-0.038390627,-0.032710037,-0.033466911
131.8,0.5253615498402966,0.5701952205506713,0.3169856150743213,0.3662751650276756,-0.041899591,-0.042754889,-0.009523803,-0.009787293
132,0.5569232643253124,0.6088120498445034,-0.004479294,0.016088083248181936,-0.041392789,-0.042245013,0.014499858427313501,0.014797151489936858
132.20000000000002,0.5236005903770754,0.5765003321750611,-0.325484276,-0.336042726,-0.036227558,-0.036966212,0.036612553173364454,0.0374365898642274
132.4,0.42926364911803166,0.47701086164928475,-0.608626617,-0.649088522,-0.027044361,-0.027575884,0.05429307882642718,0.05551121574388251
132.6,0.284892675293342,0.3219227343141738,-0.820906432,-0.886564355,-0.014942398,-0.015207175,0.06551677726800063,0.06693009642411914
132.8,0.10730035527795044,0.12929604193372957,-0.937572581,-1.020782176,-0.001357082,-0.001337607,0.06897858876025648,0.07037355238096098
133,-0.082825722,-0.078430843,-0.945009647,-1.036078841,0.012100915117648972,0.01238189780481819,0.06425050420725895,0.06544512329612093
133.20000000000002,-0.263333246,-0.277055132,-0.842327434,-0.930645803,0.02382963000413094,0.024318851513351076,0.051850862935224014,0.05272393587747265
133.4,-0.41318574,-0.443429333,-0.641467895,-0.716742757,0.03242333389839234,0.033049782802075545,0.03320808745921589,0.0337028032978265
133.6,-0.51491465,-0.558159156,-0.365817135,-0.419273068,0.03684143861411343,0.03752815523776456,0.010511158054942512,0.010620983179104504
133.8,-0.55665581,-0.607864455,-0.047483079,-0.072884871,0.03653693321042493,0.037208785393453465,-0.013542546,-0.013795952
134,-0.533533485,-0.586740117,0.27644449819854033,0.28206404533174734,0.03152632527110674,0.03211397744841386,-0.036073568,-0.036655936
134.20000000000002,-0.448230215,-0.497234396,0.5682152657088284,0.6042085182473451,0.0223905150662474,0.022832097433340415,-0.054376777,-0.055247633
134.4,-0.31067595,-0.349765562,0.7938178856887368,0.8559970432226836,0.01020548346118251,0.010448367609826644,-0.066258402,-0.067363642
134.6,-0.136892325,-0.161509498,0.9269454872153765,1.0080693284827387,-0.003588398,-0.00358359,-0.070305362,-0.071564503
134.8,0.052873261713846265,0.045600626849830087,0.9520634126050055,1.0426808597983737,-0.017360977,-0.01761383,-0.066050455,-0.067344532
135,0.23650666243028912,0.24742970901236602,0.8662229459530295,0.955773779198379,-0.029487724,-0.029990029,-0.054013267,-0.055185021
135.20000000000002,0.3926042306909347,0.42045337065663196,0.6794078000338332,0.7574538202691412,-0.038540757,-0.039250512,-0.035617387,-0.036491008
135.4,0.5029676624572755,0.5445001384418742,0.41337350804862494,0.4708152713897541,-0.043452461,-0.044293543,-0.013003639,-0.013420854
135.6,0.5547259480561165,0.6051033626137646,0.09911430564816254,0.12925173325078945,-0.043633908,-0.044504141,0.011229242976580565,0.011363337438728595
135.8,0.5418367699075666,0.5951887076099162,-0.226748087,-0.227433689,-0.039037236,-0.039824757,0.03431970746588529,0.03500365900264039
136,0.46579218084861496,0.5159002773717558,-0.526232129,-0.557667125,-0.030158088,-0.030761783,0.05364328415761885,0.05477225423645726
136.20000000000002,0.3354461195954388,0.37646894364212174,-0.764424155,-0.822949872,-0.017979697,-0.018328006,0.0669923673069591,0.06838235111913259
136.4,0.16598370041643443,0.19313780127687014,-0.913548657,-0.992347701,-0.003864722,-0.003926889,0.07281597032831125,0.07425164673254384
136.6,-0.022847719,-0.012729975,-0.956208061,-1.046098204,0.010595302660465749,0.010808065477812639,0.07040035833882932,0.07168504280023916
136.8,-0.209039935,-0.217140666,-0.88741327,-0.977917099,0.02375890143251139,0.02420113452445797,0.05996857717143106,0.06096064816931366
137,-0.370889036,-0.396266702,-0.715166895,-0.795733951,0.034123714912341105,0.034728229740894845,0.042679320677981365,0.04330266303369438
137.20000000000002,-0.489525599,-0.529224425,-0.459533135,-0.520769461,0.040504128226805554,0.04119443897856775,0.020512867805264293,0.020747965004924727
137.4,-0.551114939,-0.600509122,-0.150300603,-0.185064159,0.04217504613388578,0.04287466892316711,-0.00395091,-0.004088549
137.6,-0.548470727,-0.601803458,0.17648919934439133,0.1722551876332593,0.03896221965498949,0.03959959347057095,-0.027839891,-0.028318733
137.8,-0.481893722,-0.532948176,0.48274278022203243,0.5095363198853483,0.031265779208695076,0.03177644401272655,-0.048342384,-0.04912374
138,-0.359137757,-0.401961855,0.7327556959797045,0.7874572973065742,0.020012782580721804,0.020340768633870996,-0.063056043,-0.064091979
138.20000000000002,-0.19450672,-0.224107139,0.8973757390025653,0.9736115201804979,0.006544459169040292,0.006645412495370327,-0.070283969,-0.071504002
138.4,-0.00718779,-0.020112278,0.9574025538898461,1.0462871219604648,-0.007546853,-0.007699893,-0.069236097,-0.07053495
138.6,0.18098490664636027,0.18624483073898462,0.9058275680843515,0.9969997357989752,-0.020609362,-0.021018204,-0.060110877,-0.061342675
138.8,0.3480754849186588,0.37090843431502163,0.7486528981066113,0.8314828960856211,-0.031127088,-0.031761227,-0.044050465,-0.045042193
139,0.4746039779074444,0.5123496463343703,0.5041920893999742,0.5690227974197479,-0.037894579,-0.038688785,-0.022983929,-0.023567389
139.20000000000002,0.5458172519261124,0.5940765196905858,0.20093729885394584,0.2402086230934719,-0.040151405,-0.041010817,0.0006127678394347805,0.0005576135807603931
139.4,0.5534097163532807,0.6065573332223414,-0.125762528,-0.116631403,-0.037663231,-0.038477376,0.024004536289948742,0.02450893590903519
139.6,0.4964920812219623,0.5483323891646004,-0.437822255,-0.459898428,-0.030743541,-0.03140605,0.044498211769994606,0.04548964398629796
139.8,0.38169559034123896,0.4261848810995199,-0.698861066,-0.749572802,-0.020215971,-0.020644482,0.059731224262529574,0.061047039810346544
140,0.22239941232587185,0.2543506300813657,-0.878444029,-0.951880713,-0.00732204,-0.00747238,0.06792590831964938,0.06935555518654524
140.20000000000002,0.03717126763640603,0.052858809182719055,-0.955631053,-1.043232291,0.006417028407471334,0.0065465181112822415,0.0680909932494737,0.0694279167019274
140.4,-0.152397162,-0.154802904,-0.921419385,-1.012972343,0.019371761979053038,0.019745429548296438,0.06014915594717289,0.061232354965996286
140.6,-0.324207268,-0.344426534,-0.77979298,-0.864624062,0.02999219912118669,0.030548545965777475,0.04496933130946399,0.045702454520765635
140.8,-0.458229945,-0.493906173,-0.547259084,-0.615478014,0.03699123762004131,0.03765582573841064,0.024288645371702836,0.024636287447839963
141,-0.538840703,-0.585815206,-0.250923879,-0.294576869,0.039501092003679364,0.040196958392588224,0.0005228555527904498,0.0004914510952383221
141.20000000000002,-0.556641381,-0.609438155,0.07466765005410053,0.06067041576520023,0.037181944742537755,0.037835848593383195,-0.023517703,-0.02390038
141.4,-0.509555927,-0.562020073,0.3915591642369084,0.40885003219238425,0.030267159147215072,0.0308123718399169,-0.044971329,-0.045669042
141.6,-0.403072524,-0.449087861,0.662808358669011,0.7093716789237492,0.019537786504902215,0.01991550176128619,-0.06128042,-0.062249265
141.8,-0.24960378,-0.283805935,0.8567939406363123,0.9272011636810209,0.006228966995041631,0.006390717781222716,-0.070508884,-0.071687095
142,-0.067039644,-0.085441488,0.9509022302756194,1.0369449515984877,-0.008119521,-0.008206885,-0.071576739,-0.072870756
142.20000000000002,0.12333822101175454,0.12288176745358736,0.9341634575575514,1.0258105854000847,-0.021848617,-0.022195531,-0.064380776,-0.065656531
142.4,0.29933749294478373,0.3168794282342822,0.8085307780951784,0.8950974466856191,-0.033376853,-0.033963268,-0.049788741,-0.050878295
142.6,0.4404425860397906,0.47393753380309805,0.588651431106149,0.660046527290043,-0.041383913,-0.042154954,-0.029514937,-0.030243919
142.8,0.5302058625580168,0.5757488556301895,0.30015964223867814,0.34806071780027564,-0.044959486,-0.045827977,-0.005902819,-0.006130253
143,0.5581652027500763,0.6104468944349867,-0.023312774,-0.004489129,-0.043702082,-0.044559888,0.018351959738127005,0.01868832582907029
143.20000000000002,0.5210633070889243,0.5739889707580154,-0.344057588,-0.356504661,-0.037759607,-0.038496233,0.040501372660973284,0.041361394236664115
143.4,0.42322710795705887,0.4706271928424764,-0.624686288,-0.666951604,-0.027810054,-0.028333137,0.058040150641463804,0.059285695918280985
143.6,0.27606299126939826,0.3124124121053334,-0.832488697,-0.899643575,-0.014985578,-0.015237571,0.0689730790418657,0.07040218483849263
143.8,0.09672678368483534,0.11778894986934041,-0.943245664,-1.027460491,-0.000747526,-0.000713299,0.07203528883246213,0.07343437089830843
144,-0.093876358,-0.090555756,-0.944052189,-1.035508836,0.013276299027566692,0.01357190280946045,0.06684595409891879,0.06803551826377673
144.20000000000002,-0.273529279,-0.288336231,-0.834820666,-0.922857791,0.025476558874472522,0.02597874868326096,0.053972845874143506,0.05483520670683602
144.4,-0.421292437,-0.452499871,-0.628290101,-0.702645855,0.03444978646979468,0.0350868139159423,0.03489043039423626,0.03537241607210563
144.6,-0.519944768,-0.563914035,-0.348540069,-0.400548463,0.03916606751285549,0.03986077731485875,0.011824815466164025,0.011921853507909533
144.8,-0.557990669,-0.609595841,-0.028183086,-0.051783578,0.03909516434724779,0.039772586537362174,-0.012503397,-0.012768148
145,-0.530999541,-0.584225054,0.2954379735425721,0.3029939236950322,0.03427337250457427,0.03486446742880679,-0.035208143,-0.035800415
145.20000000000002,-0.442121598,-0.490763539,0.5846029870635161,0.6224318689669306,0.025300952106683,0.02574418151270114,-0.05359505,-0.054473817
145.4,-0.301720034,-0.340109292,0.8056112165839423,0.8693010508048838,0.013269525060801994,0.01351271890529166,-0.065496191,-0.066606785
145.6,-0.126162439,-0.149825473,0.9327092346108429,1.014834056479837,-0.000371237,-0.00036681,-0.069535226,-0.070795584
145.8,0.06408741571878716,0.05790731378189649,0.9510914967467888,1.042077604733664,-0.013989834,-0.01424273,-0.065286649,-0.066575882
146,0.24685515558060958,0.25887673630042407,0.8586251241107732,0.9478669457850502,-0.025968693,-0.026469354,-0.053310347,-0.054469875
146.20000000000002,0.40084038773763797,0.42966086774546575,0.6660969534055797,0.7431933574875037,-0.034894324,-0.035599211,-0.0350631,-0.035916961
146.4,0.5080992356173696,0.5503580888777,0.395954574950268,0.45192157854680465,-0.039719037,-0.040550738,-0.012707314,-0.013099842
